Date,Tickers
2017-04-01,"['AARTIDRUGS.NS', 'ALOKINDS.NS', 'ASHOKLEY.NS', 'BCG.NS', 'BSOFT.NS', 'HFCL.NS', 'IDEA.NS', 'IDFCFIRSTB.NS', 'INTELLECT.NS', 'RENUKA.NS', 'SONATSOFTW.NS', 'TTML.NS']"
2017-05-01,"['AARTIDRUGS.NS', 'ADANIPOWER.NS', 'ALKEM.NS', 'BCG.NS', 'BSOFT.NS', 'COALINDIA.NS', 'ELGIEQUIP.NS', 'FDC.NS', 'HCLTECH.NS', 'HINDZINC.NS', 'IDEA.NS', 'JBCHEPHARM.NS', 'JUSTDIAL.NS', 'NMDC.NS', 'SONATSOFTW.NS', 'SPARC.NS', 'TANLA.NS', 'TATASTEEL.NS', 'ZENSARTECH.NS']"
2017-06-01,"['ABBOTINDIA.NS', 'AJANTPHARM.NS', 'ALKYLAMINE.NS', 'BANKINDIA.NS', 'BEML.NS', 'BIOCON.NS', 'BLUEDART.NS', 'CRISIL.NS', 'DIVISLAB.NS', 'DRREDDY.NS', 'FDC.NS', 'GESHIP.NS', 'GLAXO.NS', 'GMRINFRA.NS', 'GPPL.NS', 'GUJALKALI.NS', 'HFCL.NS', 'HINDZINC.NS', 'IDEA.NS', 'IOB.NS', 'IRB.NS', 'ITI.NS', 'JINDALSAW.NS', 'LALPATHLAB.NS', 'MCX.NS', 'MINDACORP.NS', 'OFSS.NS', 'OIL.NS', 'ONGC.NS', 'POLYPLEX.NS', 'PRAJIND.NS', 'RATNAMANI.NS', 'SAIL.NS', 'SANOFI.NS', 'SJVN.NS', 'TATAPOWER.NS', 'TTML.NS', 'TV18BRDCST.NS', 'UCOBANK.NS', 'UNIONBANK.NS', 'YESBANK.NS', 'ZENSARTECH.NS']"
2017-07-01,"['ACC.NS', 'AJANTPHARM.NS', 'ALKYLAMINE.NS', 'APARINDS.NS', 'ASIANPAINT.NS', 'BAJAJ-AUTO.NS', 'BALAMINES.NS', 'BANKBARODA.NS', 'BEL.NS', 'CANBK.NS', 'DCMSHRIRAM.NS', 'EICHERMOT.NS', 'FACT.NS', 'GAEL.NS', 'GNFC.NS', 'GRANULES.NS', 'GSFC.NS', 'GUJGASLTD.NS', 'IDFC.NS', 'INDIANB.NS', 'JBMA.NS', 'JUBLPHARMA.NS', 'JYOTHYLAB.NS', 'KRBL.NS', 'LT.NS', 'MMTC.NS', 'MRPL.NS', 'OBEROIRLTY.NS', 'OLECTRA.NS', 'PRAJIND.NS', 'SBIN.NS', 'SCHAEFFLER.NS', 'SHREECEM.NS', 'SRF.NS', 'SWANENERGY.NS', 'TATAMOTORS.NS', 'TATAMTRDVR.NS', 'TECHM.NS', 'THERMAX.NS', 'TRENT.NS', 'TRIVENI.NS', 'UCOBANK.NS', 'ULTRACEMCO.NS', 'UNIONBANK.NS', 'VGUARD.NS', 'VIPIND.NS', 'ZEEL.NS', 'ZFCVINDIA.NS']"
2017-08-01,"['ABB.NS', 'ALLCARGO.NS', 'ASTRAL.NS', 'BCG.NS', 'CASTROLIND.NS', 'CCL.NS', 'CENTRALBK.NS', 'COALINDIA.NS', 'CONCOR.NS', 'EXIDEIND.NS', 'FDC.NS', 'GESHIP.NS', 'GRANULES.NS', 'INDHOTEL.NS', 'INTELLECT.NS', 'IOB.NS', 'IPCALAB.NS', 'JKLAKSHMI.NS', 'JMFINANCIL.NS', 'JUSTDIAL.NS', 'LALPATHLAB.NS', 'MINDACORP.NS', 'NCC.NS', 'NHPC.NS', 'NLCINDIA.NS', 'PFC.NS', 'PNCINFRA.NS', 'PRAJIND.NS', 'RELAXO.NS', 'SHARDACROP.NS', 'SRF.NS', 'SUPREMEIND.NS', 'SWANENERGY.NS', 'TATACOMM.NS', 'TATAMOTORS.NS', 'TORNTPOWER.NS', 'TTKPRESTIG.NS', 'VGUARD.NS', 'WELSPUNLIV.NS']"
2017-09-01,"['AARTIDRUGS.NS', 'AARTIIND.NS', 'ALOKINDS.NS', 'BCG.NS', 'BHEL.NS', 'BIOCON.NS', 'CENTURYPLY.NS', 'COALINDIA.NS', 'COFORGE.NS', 'FORTIS.NS', 'IDBI.NS', 'IDFC.NS', 'IDFCFIRSTB.NS', 'INDHOTEL.NS', 'INDIACEM.NS', 'INDIANB.NS', 'INDUSTOWER.NS', 'INFY.NS', 'INGERRAND.NS', 'ITC.NS', 'JKLAKSHMI.NS', 'LALPATHLAB.NS', 'LINDEINDIA.NS', 'MAHABANK.NS', 'MARICO.NS', 'MHRIL.NS', 'MOTHERSON.NS', 'NCC.NS', 'NETWORK18.NS', 'NH.NS', 'NHPC.NS', 'NLCINDIA.NS', 'ONGC.NS', 'PIIND.NS', 'PNCINFRA.NS', 'POLYMED.NS', 'PRAJIND.NS', 'PRSMJOHNSN.NS', 'QUESS.NS', 'RALLIS.NS', 'SBIN.NS', 'SHARDACROP.NS', 'SIEMENS.NS', 'SUNPHARMA.NS', 'SUZLON.NS', 'SYMPHONY.NS', 'SYNGENE.NS', 'TANLA.NS', 'TORNTPHARM.NS', 'TRITURBINE.NS', 'TTML.NS', 'UBL.NS', 'UCOBANK.NS', 'UNIONBANK.NS']"
2017-10-01,"['ACC.NS', 'ADANIENT.NS', 'ADANIPORTS.NS', 'APARINDS.NS', 'APOLLOTYRE.NS', 'ASIANPAINT.NS', 'AUROPHARMA.NS', 'BALRAMCHIN.NS', 'BANKINDIA.NS', 'BEML.NS', 'BHARTIARTL.NS', 'BHEL.NS', 'BIOCON.NS', 'BIRLACORPN.NS', 'BPCL.NS', 'BRIGADE.NS', 'CANFINHOME.NS', 'CHOLAFIN.NS', 'COLPAL.NS', 'CRISIL.NS', 'CROMPTON.NS', 'ELGIEQUIP.NS', 'FORTIS.NS', 'GLENMARK.NS', 'GODREJIND.NS', 'GSFC.NS', 'HINDUNILVR.NS', 'IIFL.NS', 'INDIACEM.NS', 'INDIGO.NS', 'INGERRAND.NS', 'JKCEMENT.NS', 'JUBLPHARMA.NS', 'LALPATHLAB.NS', 'LICHSGFIN.NS', 'MARICO.NS', 'MCDOWELL-N.NS', 'MCX.NS', 'MHRIL.NS', 'NCC.NS', 'PEL.NS', 'PIDILITIND.NS', 'RELIANCE.NS', 'SUPREMEIND.NS', 'TATAELXSI.NS', 'TATAMTRDVR.NS', 'TCS.NS', 'TITAN.NS', 'ULTRACEMCO.NS', 'VOLTAS.NS', 'WIPRO.NS', 'ZYDUSLIFE.NS']"
2017-11-01,"['APOLLOHOSP.NS', 'BAJAJFINSV.NS', 'BAYERCROP.NS', 'BCG.NS', 'BOSCHLTD.NS', 'CEATLTD.NS', 'FORTIS.NS', 'GODFRYPHLP.NS', 'HAVELLS.NS', 'HCLTECH.NS', 'INDUSINDBK.NS', 'INFIBEAM.NS', 'ITC.NS', 'JUBLPHARMA.NS', 'KAJARIACER.NS', 'KARURVYSYA.NS', 'KEC.NS', 'MAHLIFE.NS', 'MCX.NS', 'OFSS.NS', 'PFIZER.NS', 'RENUKA.NS', 'SHARDACROP.NS', 'SUPRAJIT.NS', 'WELSPUNLIV.NS']"
2017-12-01,"['ADANIPORTS.NS', 'ASIANPAINT.NS', 'AUROPHARMA.NS', 'BAJFINANCE.NS', 'BATAINDIA.NS', 'BLS.NS', 'COLPAL.NS', 'CONCOR.NS', 'CUMMINSIND.NS', 'DEEPAKFERT.NS', 'DRREDDY.NS', 'EICHERMOT.NS', 'FEDERALBNK.NS', 'GLAXO.NS', 'GODFRYPHLP.NS', 'HCLTECH.NS', 'HEROMOTOCO.NS', 'HINDPETRO.NS', 'HINDZINC.NS', 'ICICIPRULI.NS', 'IDFCFIRSTB.NS', 'INDUSTOWER.NS', 'IOC.NS', 'ITC.NS', 'KOTAKBANK.NS', 'KPRMILL.NS', 'MCX.NS', 'MFSL.NS', 'MOTILALOFS.NS', 'MRPL.NS', 'MUTHOOTFIN.NS', 'PFC.NS', 'POWERGRID.NS', 'RAJESHEXPO.NS', 'RECLTD.NS', 'SHREECEM.NS', 'SIEMENS.NS', 'TATAMOTORS.NS', 'TATAMTRDVR.NS', 'TRIDENT.NS', 'UPL.NS', 'WELCORP.NS']"
2018-01-01,"['BANKBARODA.NS', 'BANKINDIA.NS', 'CASTROLIND.NS', 'CCL.NS', 'COALINDIA.NS', 'IOB.NS', 'IOC.NS', 'KRBL.NS', 'LICHSGFIN.NS', 'MAHABANK.NS', 'NBCC.NS', 'PATANJALI.NS', 'POONAWALLA.NS', 'POWERGRID.NS', 'REDINGTON.NS', 'RTNINDIA.NS', 'TRIVENI.NS', 'UCOBANK.NS', 'UNIONBANK.NS']"
2018-02-01,"['AARTIDRUGS.NS', 'ABFRL.NS', 'ADANIPOWER.NS', 'ALLCARGO.NS', 'ALOKINDS.NS', 'AMBUJACEM.NS', 'APOLLOTYRE.NS', 'ASTRAL.NS', 'BAJFINANCE.NS', 'BANKBARODA.NS', 'BCG.NS', 'BEL.NS', 'BERGEPAINT.NS', 'BLUESTARCO.NS', 'BRIGADE.NS', 'CANBK.NS', 'CANFINHOME.NS', 'CASTROLIND.NS', 'CCL.NS', 'CENTRALBK.NS', 'CENTURYPLY.NS', 'CESC.NS', 'CIPLA.NS', 'CROMPTON.NS', 'ENGINERSIN.NS', 'EPL.NS', 'FORTIS.NS', 'GESHIP.NS', 'GRINDWELL.NS', 'GUJGASLTD.NS', 'HAVELLS.NS', 'HFCL.NS', 'HINDCOPPER.NS', 'HINDPETRO.NS', 'IDEA.NS', 'IDFC.NS', 'IGL.NS', 'INDIACEM.NS', 'INDIANB.NS', 'INDUSTOWER.NS', 'IOB.NS', 'JAMNAAUTO.NS', 'JBCHEPHARM.NS', 'KANSAINER.NS', 'L&TFH.NS', 'LAURUSLABS.NS', 'MANAPPURAM.NS', 'MOTHERSON.NS', 'NATCOPHARM.NS', 'NATIONALUM.NS', 'NESTLEIND.NS', 'NHPC.NS', 'NLCINDIA.NS', 'OIL.NS', 'PFC.NS', 'PNBHOUSING.NS', 'PNCINFRA.NS', 'QUESS.NS', 'RBLBANK.NS', 'REDINGTON.NS', 'RELAXO.NS', 'RENUKA.NS', 'SAREGAMA.NS', 'SFL.NS', 'SHARDACROP.NS', 'SJVN.NS', 'SPARC.NS', 'SUNDRMFAST.NS', 'SUZLON.NS', 'TANLA.NS', 'TATACHEM.NS', 'TATACONSUM.NS', 'TATAINVEST.NS', 'TATAPOWER.NS', 'TRENT.NS', 'TRITURBINE.NS', 'TTKPRESTIG.NS', 'TTML.NS', 'UNIONBANK.NS', 'VINATIORGA.NS', 'VOLTAS.NS', 'VTL.NS', 'WELSPUNLIV.NS']"
2018-03-01,"['AARTIDRUGS.NS', 'ABFRL.NS', 'ACC.NS', 'AEGISCHEM.NS', 'AIAENG.NS', 'ALLCARGO.NS', 'ALOKINDS.NS', 'AMBUJACEM.NS', 'AXISBANK.NS', 'BALRAMCHIN.NS', 'BEL.NS', 'BHARTIARTL.NS', 'BHEL.NS', 'CEATLTD.NS', 'CENTURYTEX.NS', 'CGPOWER.NS', 'CONCOR.NS', 'CROMPTON.NS', 'DLF.NS', 'EPL.NS', 'EXIDEIND.NS', 'FACT.NS', 'FEDERALBNK.NS', 'GLENMARK.NS', 'GNFC.NS', 'GODREJIND.NS', 'GRANULES.NS', 'GSFC.NS', 'HAVELLS.NS', 'ICICIBANK.NS', 'IDEA.NS', 'IDFC.NS', 'IDFCFIRSTB.NS', 'INDIACEM.NS', 'INDIANB.NS', 'JMFINANCIL.NS', 'JSL.NS', 'JSWENERGY.NS', 'JUSTDIAL.NS', 'KANSAINER.NS', 'KSB.NS', 'L&TFH.NS', 'LUPIN.NS', 'M&MFIN.NS', 'MAHLIFE.NS', 'MINDACORP.NS', 'MOTHERSON.NS', 'MUTHOOTFIN.NS', 'NLCINDIA.NS', 'NMDC.NS', 'NTPC.NS', 'PEL.NS', 'PNCINFRA.NS', 'PRAJIND.NS', 'RALLIS.NS', 'RATNAMANI.NS', 'RCF.NS', 'SAIL.NS', 'SHARDACROP.NS', 'SPARC.NS', 'SUNPHARMA.NS', 'SWANENERGY.NS', 'TATAINVEST.NS', 'TRITURBINE.NS', 'TRIVENI.NS', 'TTML.NS', 'VINATIORGA.NS', 'WELSPUNLIV.NS', 'WIPRO.NS', 'ZYDUSLIFE.NS']"
2018-04-01,"['ADANIENT.NS', 'ALKYLAMINE.NS', 'ALOKINDS.NS', 'AMBUJACEM.NS', 'APARINDS.NS', 'APOLLOHOSP.NS', 'ASAHIINDIA.NS', 'AVANTIFEED.NS', 'AXISBANK.NS', 'BALAMINES.NS', 'BCG.NS', 'BHARATFORG.NS', 'BHARTIARTL.NS', 'CANBK.NS', 'CCL.NS', 'CEATLTD.NS', 'CENTURYTEX.NS', 'CGCL.NS', 'CGPOWER.NS', 'CIEINDIA.NS', 'CRISIL.NS', 'DRREDDY.NS', 'EIHOTEL.NS', 'FDC.NS', 'FEDERALBNK.NS', 'GAIL.NS', 'GLENMARK.NS', 'GMRINFRA.NS', 'GODFRYPHLP.NS', 'GODREJPROP.NS', 'GPIL.NS', 'GUJALKALI.NS', 'HAVELLS.NS', 'HFCL.NS', 'HINDALCO.NS', 'HINDPETRO.NS', 'IDFC.NS', 'INDIACEM.NS', 'INFIBEAM.NS', 'INTELLECT.NS', 'IOC.NS', 'ITC.NS', 'JINDALSAW.NS', 'JINDALSTEL.NS', 'JMFINANCIL.NS', 'KAJARIACER.NS', 'KARURVYSYA.NS', 'KNRCON.NS', 'LAURUSLABS.NS', 'MFSL.NS', 'MGL.NS', 'MINDACORP.NS', 'MOTHERSON.NS', 'MRPL.NS', 'NATCOPHARM.NS', 'NAUKRI.NS', 'NBCC.NS', 'OFSS.NS', 'OIL.NS', 'OLECTRA.NS', 'PATANJALI.NS', 'PEL.NS', 'PETRONET.NS', 'POLYPLEX.NS', 'PRAJIND.NS', 'PRSMJOHNSN.NS', 'RAJESHEXPO.NS', 'RAYMOND.NS', 'RCF.NS', 'RECLTD.NS', 'RELIANCE.NS', 'SAIL.NS', 'SAREGAMA.NS', 'SBIN.NS', 'SCHAEFFLER.NS', 'SFL.NS', 'SOBHA.NS', 'STLTECH.NS', 'SUNPHARMA.NS', 'SUNTV.NS', 'SWANENERGY.NS', 'TANLA.NS', 'TATACONSUM.NS', 'THERMAX.NS', 'TTML.NS', 'TVSMOTOR.NS', 'ULTRACEMCO.NS', 'UNOMINDA.NS', 'USHAMART.NS', 'VEDL.NS', 'WIPRO.NS', 'ZYDUSLIFE.NS']"
2018-05-01,"['ADANIPOWER.NS', 'BANKINDIA.NS', 'BCG.NS', 'BEML.NS', 'BIRLACORPN.NS', 'BPCL.NS', 'CERA.NS', 'CRISIL.NS', 'DELTACORP.NS', 'EIDPARRY.NS', 'FDC.NS', 'IDBI.NS', 'IDFCFIRSTB.NS', 'IGL.NS', 'IOC.NS', 'JKLAKSHMI.NS', 'KAJARIACER.NS', 'KRBL.NS', 'LALPATHLAB.NS', 'LINDEINDIA.NS', 'MAHABANK.NS', 'MARUTI.NS', 'MRPL.NS', 'NH.NS', 'PATANJALI.NS', 'PETRONET.NS', 'PNB.NS', 'PNCINFRA.NS', 'RALLIS.NS', 'REDINGTON.NS', 'RTNINDIA.NS', 'SUZLON.NS', 'SWANENERGY.NS', 'TRITURBINE.NS', 'TRIVENI.NS', 'TTML.NS', 'UNIONBANK.NS', 'VTL.NS', 'WIPRO.NS']"
2018-06-01,"['3MINDIA.NS', 'ABB.NS', 'ADANIENT.NS', 'ALKEM.NS', 'APOLLOTYRE.NS', 'AUROPHARMA.NS', 'BAJAJ-AUTO.NS', 'BALAMINES.NS', 'BALKRISIND.NS', 'BANKINDIA.NS', 'BHARTIARTL.NS', 'BLUEDART.NS', 'BRIGADE.NS', 'CANFINHOME.NS', 'CASTROLIND.NS', 'COROMANDEL.NS', 'CRISIL.NS', 'CROMPTON.NS', 'DCMSHRIRAM.NS', 'DEEPAKNTR.NS', 'DELTACORP.NS', 'DRREDDY.NS', 'FDC.NS', 'FEDERALBNK.NS', 'GESHIP.NS', 'GODREJPROP.NS', 'GPIL.NS', 'GRASIM.NS', 'GRINDWELL.NS', 'GSFC.NS', 'GUJALKALI.NS', 'HCLTECH.NS', 'HEROMOTOCO.NS', 'HFCL.NS', 'IDFC.NS', 'IGL.NS', 'INDIACEM.NS', 'IPCALAB.NS', 'IRB.NS', 'JBMA.NS', 'JINDALSAW.NS', 'JINDALSTEL.NS', 'JKCEMENT.NS', 'JKPAPER.NS', 'JUBLPHARMA.NS', 'LUXIND.NS', 'MAHABANK.NS', 'MANAPPURAM.NS', 'MARUTI.NS', 'MASTEK.NS', 'MMTC.NS', 'MOTHERSON.NS', 'MOTILALOFS.NS', 'NATIONALUM.NS', 'NHPC.NS', 'OIL.NS', 'PEL.NS', 'PNB.NS', 'PNBHOUSING.NS', 'RAMCOCEM.NS', 'RAYMOND.NS', 'RCF.NS', 'RELIANCE.NS', 'SOBHA.NS', 'SRF.NS', 'SUNTECK.NS', 'THERMAX.NS', 'TITAN.NS', 'TRENT.NS', 'TRIDENT.NS', 'TTKPRESTIG.NS', 'TV18BRDCST.NS', 'TVSMOTOR.NS', 'UCOBANK.NS', 'ULTRACEMCO.NS', 'VAIBHAVGBL.NS', 'VGUARD.NS', 'WELCORP.NS', 'ZEEL.NS', 'ZFCVINDIA.NS', 'ZYDUSLIFE.NS', 'ZYDUSWELL.NS']"
2018-07-01,"['ABB.NS', 'ABFRL.NS', 'ALKEM.NS', 'ASAHIINDIA.NS', 'ATUL.NS', 'AVANTIFEED.NS', 'AXISBANK.NS', 'BALAMINES.NS', 'BALRAMCHIN.NS', 'BCG.NS', 'BPCL.NS', 'CANBK.NS', 'CCL.NS', 'CENTRALBK.NS', 'CERA.NS', 'CGPOWER.NS', 'CHOLAFIN.NS', 'COALINDIA.NS', 'DELTACORP.NS', 'DIVISLAB.NS', 'EICHERMOT.NS', 'ESCORTS.NS', 'FACT.NS', 'FDC.NS', 'FEDERALBNK.NS', 'FORTIS.NS', 'GAEL.NS', 'GODFRYPHLP.NS', 'GODREJPROP.NS', 'GRANULES.NS', 'GRASIM.NS', 'HUDCO.NS', 'IBULHSGFIN.NS', 'ICICIBANK.NS', 'IDBI.NS', 'IGL.NS', 'IIFL.NS', 'INDHOTEL.NS', 'INFIBEAM.NS', 'INGERRAND.NS', 'JAMNAAUTO.NS', 'JINDALSTEL.NS', 'JKPAPER.NS', 'KEC.NS', 'KEI.NS', 'KSB.NS', 'LAURUSLABS.NS', 'LINDEINDIA.NS', 'LT.NS', 'LTTS.NS', 'MASTEK.NS', 'MCX.NS', 'MMTC.NS', 'MUTHOOTFIN.NS', 'NATIONALUM.NS', 'NETWORK18.NS', 'NH.NS', 'NLCINDIA.NS', 'NMDC.NS', 'OBEROIRLTY.NS', 'OIL.NS', 'PATANJALI.NS', 'PFC.NS', 'PNBHOUSING.NS', 'POLYMED.NS', 'POLYPLEX.NS', 'POONAWALLA.NS', 'SIEMENS.NS', 'SONATSOFTW.NS', 'SPARC.NS', 'SYMPHONY.NS', 'TATACHEM.NS', 'TATACOMM.NS', 'TECHM.NS', 'TORNTPOWER.NS', 'TRIDENT.NS', 'TRIVENI.NS', 'TTKPRESTIG.NS', 'TV18BRDCST.NS', 'UBL.NS', 'UCOBANK.NS', 'VOLTAS.NS', 'WIPRO.NS', 'ZEEL.NS', 'ZFCVINDIA.NS']"
2018-08-01,"['APOLLOHOSP.NS', 'BAJAJ-AUTO.NS', 'BAYERCROP.NS', 'BIOCON.NS', 'CANFINHOME.NS', 'CCL.NS', 'CERA.NS', 'CHAMBLFERT.NS', 'COALINDIA.NS', 'CYIENT.NS', 'EICHERMOT.NS', 'FACT.NS', 'GNFC.NS', 'HEROMOTOCO.NS', 'HFCL.NS', 'HINDALCO.NS', 'HINDCOPPER.NS', 'INDUSTOWER.NS', 'IRB.NS', 'JMFINANCIL.NS', 'KEC.NS', 'KOTAKBANK.NS', 'KRBL.NS', 'LAURUSLABS.NS', 'LAXMIMACH.NS', 'LINDEINDIA.NS', 'MCDOWELL-N.NS', 'MHRIL.NS', 'NATCOPHARM.NS', 'NBCC.NS', 'NHPC.NS', 'OFSS.NS', 'PATANJALI.NS', 'PHOENIXLTD.NS', 'POONAWALLA.NS', 'POWERGRID.NS', 'PRESTIGE.NS', 'SCHAEFFLER.NS', 'SKFINDIA.NS', 'SUNTV.NS', 'SWANENERGY.NS', 'TATACONSUM.NS', 'TATAMOTORS.NS', 'TEAMLEASE.NS', 'TV18BRDCST.NS', 'UBL.NS', 'ZEEL.NS']"
2018-09-01,"['APLAPOLLO.NS', 'AVANTIFEED.NS', 'BCG.NS', 'BLUEDART.NS', 'BPCL.NS', 'BSE.NS', 'CANFINHOME.NS', 'CDSL.NS', 'CHOLAHLDNG.NS', 'DEEPAKFERT.NS', 'FEDERALBNK.NS', 'GNFC.NS', 'GODREJPROP.NS', 'HDFCBANK.NS', 'ICICIPRULI.NS', 'INDUSINDBK.NS', 'IOC.NS', 'JAMNAAUTO.NS', 'JMFINANCIL.NS', 'KEC.NS', 'LAURUSLABS.NS', 'MANAPPURAM.NS', 'MFSL.NS', 'MINDACORP.NS', 'MMTC.NS', 'MOTILALOFS.NS', 'POLYMED.NS', 'RAIN.NS', 'RENUKA.NS', 'SOBHA.NS', 'SUNTV.NS', 'SUPRAJIT.NS', 'SUZLON.NS', 'TATACONSUM.NS', 'TATAMTRDVR.NS', 'TIMKEN.NS', 'TRIVENI.NS', 'TV18BRDCST.NS']"
2018-10-01,"['AARTIDRUGS.NS', 'AJANTPHARM.NS', 'ALLCARGO.NS', 'ALOKINDS.NS', 'APARINDS.NS', 'ASAHIINDIA.NS', 'ASHOKLEY.NS', 'ASIANPAINT.NS', 'BERGEPAINT.NS', 'BHARATFORG.NS', 'BHEL.NS', 'BRIGADE.NS', 'BRITANNIA.NS', 'CCL.NS', 'CERA.NS', 'CGCL.NS', 'COALINDIA.NS', 'COLPAL.NS', 'CROMPTON.NS', 'CUMMINSIND.NS', 'ECLERX.NS', 'EIDPARRY.NS', 'ENDURANCE.NS', 'ENGINERSIN.NS', 'FACT.NS', 'FINCABLES.NS', 'FORTIS.NS', 'GMRINFRA.NS', 'GODFRYPHLP.NS', 'GPIL.NS', 'GRANULES.NS', 'GSPL.NS', 'HAVELLS.NS', 'ICICIBANK.NS', 'INDIACEM.NS', 'INDUSTOWER.NS', 'INGERRAND.NS', 'ITI.NS', 'JBCHEPHARM.NS', 'JINDALSAW.NS', 'JINDALSTEL.NS', 'JKCEMENT.NS', 'JKLAKSHMI.NS', 'JKPAPER.NS', 'JYOTHYLAB.NS', 'KANSAINER.NS', 'KEI.NS', 'LT.NS', 'MARICO.NS', 'MGL.NS', 'MRPL.NS', 'MUTHOOTFIN.NS', 'NATCOPHARM.NS', 'NAUKRI.NS', 'NESTLEIND.NS', 'NETWORK18.NS', 'OLECTRA.NS', 'PERSISTENT.NS', 'PFC.NS', 'PGHL.NS', 'PIDILITIND.NS', 'PRESTIGE.NS', 'RALLIS.NS', 'RAMCOCEM.NS', 'RECLTD.NS', 'REDINGTON.NS', 'RTNINDIA.NS', 'SBIN.NS', 'SIEMENS.NS', 'SKFINDIA.NS', 'TANLA.NS', 'TATACHEM.NS', 'TATAPOWER.NS', 'TEAMLEASE.NS', 'TEJASNET.NS', 'THERMAX.NS', 'TITAN.NS', 'TORNTPOWER.NS', 'TRIDENT.NS', 'VBL.NS', 'VINATIORGA.NS', 'VMART.NS', 'VTL.NS', 'WELSPUNLIV.NS']"
2018-11-01,"['ABCAPITAL.NS', 'ADANIPORTS.NS', 'ALOKINDS.NS', 'AMBUJACEM.NS', 'AUBANK.NS', 'BAJAJFINSV.NS', 'BALAMINES.NS', 'BEML.NS', 'BHEL.NS', 'BLS.NS', 'BLUESTARCO.NS', 'BPCL.NS', 'BSOFT.NS', 'CENTURYPLY.NS', 'CESC.NS', 'COALINDIA.NS', 'DABUR.NS', 'DEEPAKFERT.NS', 'ERIS.NS', 'FDC.NS', 'GNFC.NS', 'GODREJCP.NS', 'GPIL.NS', 'GPPL.NS', 'GUJALKALI.NS', 'GUJGASLTD.NS', 'HINDCOPPER.NS', 'HUDCO.NS', 'IDFC.NS', 'IDFCFIRSTB.NS', 'IIFL.NS', 'INDIACEM.NS', 'INGERRAND.NS', 'ITC.NS', 'ITI.NS', 'JBMA.NS', 'JINDALSTEL.NS', 'JMFINANCIL.NS', 'JSL.NS', 'JSWSTEEL.NS', 'JUBLPHARMA.NS', 'KNRCON.NS', 'KOTAKBANK.NS', 'L&TFH.NS', 'LICHSGFIN.NS', 'M&M.NS', 'MAHLIFE.NS', 'MFSL.NS', 'MHRIL.NS', 'MINDACORP.NS', 'MOTHERSON.NS', 'MOTILALOFS.NS', 'NBCC.NS', 'NETWORK18.NS', 'NTPC.NS', 'ONGC.NS', 'PIDILITIND.NS', 'POONAWALLA.NS', 'PRESTIGE.NS', 'RALLIS.NS', 'RELIANCE.NS', 'SAIL.NS', 'SHARDACROP.NS', 'SHOPERSTOP.NS', 'SUNDRMFAST.NS', 'SUPREMEIND.NS', 'TATACONSUM.NS', 'TATAELXSI.NS', 'TRENT.NS', 'TRITURBINE.NS', 'TTML.NS', 'ZYDUSLIFE.NS']"
2018-12-01,"['AARTIDRUGS.NS', 'ABCAPITAL.NS', 'AEGISCHEM.NS', 'ALKEM.NS', 'BALKRISIND.NS', 'BANKBARODA.NS', 'BEL.NS', 'BHARATFORG.NS', 'BSOFT.NS', 'CERA.NS', 'CESC.NS', 'CIPLA.NS', 'COCHINSHIP.NS', 'COFORGE.NS', 'DCMSHRIRAM.NS', 'ECLERX.NS', 'EIDPARRY.NS', 'ENDURANCE.NS', 'EPL.NS', 'ERIS.NS', 'FINCABLES.NS', 'FSL.NS', 'GPPL.NS', 'GRANULES.NS', 'HINDCOPPER.NS', 'HUDCO.NS', 'IBULHSGFIN.NS', 'IDEA.NS', 'INDUSTOWER.NS', 'JAMNAAUTO.NS', 'KPRMILL.NS', 'LALPATHLAB.NS', 'LAXMIMACH.NS', 'LTIM.NS', 'LUXIND.NS', 'MASTEK.NS', 'MOTILALOFS.NS', 'MRPL.NS', 'NH.NS', 'OFSS.NS', 'PFC.NS', 'PFIZER.NS', 'POWERGRID.NS', 'PRSMJOHNSN.NS', 'RAJESHEXPO.NS', 'RCF.NS', 'RELAXO.NS', 'SFL.NS', 'SUNTECK.NS', 'SUNTV.NS', 'SWANENERGY.NS', 'TANLA.NS', 'TATASTEEL.NS', 'TIMKEN.NS', 'TV18BRDCST.NS', 'UNOMINDA.NS', 'ZENSARTECH.NS']"
2019-01-01,"['APLAPOLLO.NS', 'ASHOKLEY.NS', 'BALKRISIND.NS', 'BCG.NS', 'BHARATFORG.NS', 'CDSL.NS', 'CESC.NS', 'CIPLA.NS', 'COALINDIA.NS', 'COCHINSHIP.NS', 'DCMSHRIRAM.NS', 'DEEPAKFERT.NS', 'DEEPAKNTR.NS', 'FINCABLES.NS', 'HEG.NS', 'INFIBEAM.NS', 'JKPAPER.NS', 'KPRMILL.NS', 'LAXMIMACH.NS', 'NAM-INDIA.NS', 'NATCOPHARM.NS', 'NAUKRI.NS', 'NLCINDIA.NS', 'OIL.NS', 'PHOENIXLTD.NS', 'QUESS.NS', 'RAIN.NS', 'RAJESHEXPO.NS', 'RELAXO.NS', 'STLTECH.NS', 'SUNPHARMA.NS', 'SWANENERGY.NS', 'TATAMTRDVR.NS', 'TCS.NS', 'TEJASNET.NS', 'TRITURBINE.NS', 'WELCORP.NS']"
2019-02-01,"['ADANIPORTS.NS', 'ADANIPOWER.NS', 'AEGISCHEM.NS', 'APLAPOLLO.NS', 'AUBANK.NS', 'BAJAJHLDNG.NS', 'BALAMINES.NS', 'BBTC.NS', 'BEML.NS', 'BHEL.NS', 'BLUESTARCO.NS', 'CANBK.NS', 'CANFINHOME.NS', 'CARBORUNIV.NS', 'CDSL.NS', 'COCHINSHIP.NS', 'CROMPTON.NS', 'DELTACORP.NS', 'DLF.NS', 'DMART.NS', 'EIDPARRY.NS', 'ELGIEQUIP.NS', 'EMAMILTD.NS', 'ENGINERSIN.NS', 'ERIS.NS', 'ESCORTS.NS', 'FINPIPE.NS', 'FORTIS.NS', 'GAEL.NS', 'GNFC.NS', 'GODREJIND.NS', 'GPIL.NS', 'GUJALKALI.NS', 'HDFCLIFE.NS', 'IDFC.NS', 'IIFL.NS', 'INDIACEM.NS', 'INDIANB.NS', 'IRB.NS', 'JBMA.NS', 'JINDALSTEL.NS', 'JSWSTEEL.NS', 'JYOTHYLAB.NS', 'KSB.NS', 'L&TFH.NS', 'LUXIND.NS', 'MASTEK.NS', 'MCX.NS', 'MFSL.NS', 'NCC.NS', 'NH.NS', 'NTPC.NS', 'ONGC.NS', 'PCBL.NS', 'POLYPLEX.NS', 'PRESTIGE.NS', 'RAIN.NS', 'RALLIS.NS', 'RATNAMANI.NS', 'RHIM.NS', 'SUNTV.NS', 'SUPRAJIT.NS', 'SUPREMEIND.NS', 'SWANENERGY.NS', 'TATACHEM.NS', 'TATACOMM.NS', 'TATACONSUM.NS', 'TATAPOWER.NS', 'TORNTPOWER.NS', 'TRITURBINE.NS', 'TVSMOTOR.NS', 'USHAMART.NS', 'VGUARD.NS', 'ZEEL.NS']"
2019-03-01,"['ADANIENT.NS', 'ALOKINDS.NS', 'BANKINDIA.NS', 'BLS.NS', 'BSOFT.NS', 'CENTRALBK.NS', 'CGCL.NS', 'CGPOWER.NS', 'COCHINSHIP.NS', 'EIDPARRY.NS', 'ENGINERSIN.NS', 'EXIDEIND.NS', 'FORTIS.NS', 'FSL.NS', 'GPPL.NS', 'GSFC.NS', 'GUJGASLTD.NS', 'HFCL.NS', 'HINDALCO.NS', 'IDEA.NS', 'IDFC.NS', 'IEX.NS', 'INFIBEAM.NS', 'JAMNAAUTO.NS', 'JKPAPER.NS', 'JSWENERGY.NS', 'JYOTHYLAB.NS', 'L&TFH.NS', 'MAHABANK.NS', 'MAHLIFE.NS', 'MMTC.NS', 'MRPL.NS', 'NBCC.NS', 'NHPC.NS', 'NIACL.NS', 'PCBL.NS', 'SAREGAMA.NS', 'STLTECH.NS', 'SUPRAJIT.NS', 'TEJASNET.NS', 'TRIDENT.NS', 'TRITURBINE.NS', 'TTML.NS', 'UNIONBANK.NS', 'WELSPUNLIV.NS']"
2019-04-01,"['BSOFT.NS', 'GRAPHITE.NS', 'HEG.NS', 'IDBI.NS', 'IDEA.NS', 'MCDOWELL-N.NS', 'RAIN.NS', 'RENUKA.NS', 'RTNINDIA.NS', 'SHOPERSTOP.NS', 'STLTECH.NS', 'TATAMTRDVR.NS', 'TTML.NS']"
2019-05-01,"['3MINDIA.NS', 'AJANTPHARM.NS', 'ALKEM.NS', 'ALOKINDS.NS', 'APOLLOTYRE.NS', 'BAJAJHLDNG.NS', 'BALKRISIND.NS', 'BAYERCROP.NS', 'BHARATFORG.NS', 'BIOCON.NS', 'BRIGADE.NS', 'BRITANNIA.NS', 'CARBORUNIV.NS', 'CEATLTD.NS', 'COLPAL.NS', 'CONCOR.NS', 'COROMANDEL.NS', 'CRISIL.NS', 'CYIENT.NS', 'DABUR.NS', 'EIDPARRY.NS', 'EMAMILTD.NS', 'EXIDEIND.NS', 'FACT.NS', 'FINCABLES.NS', 'GLAXO.NS', 'GODREJCP.NS', 'HEROMOTOCO.NS', 'HUDCO.NS', 'IBULHSGFIN.NS', 'INDUSINDBK.NS', 'JUBLPHARMA.NS', 'JYOTHYLAB.NS', 'LAXMIMACH.NS', 'M&M.NS', 'M&MFIN.NS', 'MARUTI.NS', 'MINDACORP.NS', 'NATCOPHARM.NS', 'NETWORK18.NS', 'NH.NS', 'NIACL.NS', 'PEL.NS', 'PGHH.NS', 'PHOENIXLTD.NS', 'SHRIRAMFIN.NS', 'SUNDARMFIN.NS', 'TATACHEM.NS', 'TATACOMM.NS', 'TIMKEN.NS', 'USHAMART.NS', 'WHIRLPOOL.NS']"
2019-06-01,"['AARTIDRUGS.NS', 'ALOKINDS.NS', 'APLLTD.NS', 'BALAMINES.NS', 'BBTC.NS', 'BIOCON.NS', 'CCL.NS', 'CEATLTD.NS', 'COLPAL.NS', 'GICRE.NS', 'GMRINFRA.NS', 'INDUSTOWER.NS', 'IOB.NS', 'ITC.NS', 'JSWSTEEL.NS', 'LAURUSLABS.NS', 'LUPIN.NS', 'MINDACORP.NS', 'POLYMED.NS', 'QUESS.NS', 'RADICO.NS', 'RHIM.NS', 'RTNINDIA.NS', 'SFL.NS', 'SPARC.NS', 'STLTECH.NS', 'SUNPHARMA.NS', 'TATACOMM.NS', 'TATAMOTORS.NS', 'TATAMTRDVR.NS', 'TV18BRDCST.NS', 'USHAMART.NS']"
2019-07-01,"['AARTIDRUGS.NS', 'ABCAPITAL.NS', 'AEGISCHEM.NS', 'AJANTPHARM.NS', 'ALKEM.NS', 'ALOKINDS.NS', 'ASAHIINDIA.NS', 'ASIANPAINT.NS', 'ASTERDM.NS', 'BAJAJ-AUTO.NS', 'BALAMINES.NS', 'BALKRISIND.NS', 'BAYERCROP.NS', 'BIOCON.NS', 'BLUEDART.NS', 'BOSCHLTD.NS', 'BRITANNIA.NS', 'BSOFT.NS', 'CCL.NS', 'CDSL.NS', 'CEATLTD.NS', 'COLPAL.NS', 'CYIENT.NS', 'DRREDDY.NS', 'EICHERMOT.NS', 'ENDURANCE.NS', 'ERIS.NS', 'EXIDEIND.NS', 'GAIL.NS', 'GMRINFRA.NS', 'GRANULES.NS', 'HEG.NS', 'HINDCOPPER.NS', 'IBULHSGFIN.NS', 'IDFC.NS', 'IEX.NS', 'INDUSINDBK.NS', 'INDUSTOWER.NS', 'ITC.NS', 'JAMNAAUTO.NS', 'JBMA.NS', 'JINDALSTEL.NS', 'JKLAKSHMI.NS', 'JUBLFOOD.NS', 'JYOTHYLAB.NS', 'KRBL.NS', 'LAXMIMACH.NS', 'LEMONTREE.NS', 'LUXIND.NS', 'M&MFIN.NS', 'MARUTI.NS', 'MFSL.NS', 'MGL.NS', 'MINDACORP.NS', 'MRPL.NS', 'OFSS.NS', 'PEL.NS', 'QUESS.NS', 'RELIANCE.NS', 'SCHAEFFLER.NS', 'SUNDRMFAST.NS', 'SUNTECK.NS', 'SUNTV.NS', 'TATAMOTORS.NS', 'TATAMTRDVR.NS', 'TRIDENT.NS', 'TRITURBINE.NS', 'TTKPRESTIG.NS', 'UNOMINDA.NS', 'VMART.NS', 'VTL.NS', 'WIPRO.NS', 'ZEEL.NS', 'ZYDUSLIFE.NS']"
2019-08-01,"['ADANIENT.NS', 'ADANIPORTS.NS', 'ALLCARGO.NS', 'AMBUJACEM.NS', 'ASHOKLEY.NS', 'AVANTIFEED.NS', 'BANKBARODA.NS', 'BCG.NS', 'BLS.NS', 'BSOFT.NS', 'CGCL.NS', 'CHAMBLFERT.NS', 'DELTACORP.NS', 'EIHOTEL.NS', 'ENGINERSIN.NS', 'GESHIP.NS', 'GPIL.NS', 'HFCL.NS', 'HINDALCO.NS', 'HINDPETRO.NS', 'HINDZINC.NS', 'IEX.NS', 'INDIACEM.NS', 'INFIBEAM.NS', 'IOB.NS', 'IOC.NS', 'IRB.NS', 'JINDALSTEL.NS', 'JSL.NS', 'JSWSTEEL.NS', 'KPRMILL.NS', 'KRBL.NS', 'MOTHERSON.NS', 'NATIONALUM.NS', 'NTPC.NS', 'OIL.NS', 'PATANJALI.NS', 'PNB.NS', 'PNCINFRA.NS', 'RAIN.NS', 'RECLTD.NS', 'RTNINDIA.NS', 'SAIL.NS', 'STLTECH.NS', 'SUZLON.NS', 'TATAPOWER.NS', 'TRIDENT.NS', 'TTML.NS', 'UCOBANK.NS', 'UNIONBANK.NS', 'VEDL.NS', 'VIPIND.NS', 'YESBANK.NS']"
2019-09-01,"['3MINDIA.NS', 'AARTIDRUGS.NS', 'ABB.NS', 'ABFRL.NS', 'AEGISCHEM.NS', 'ALOKINDS.NS', 'APLLTD.NS', 'ASAHIINDIA.NS', 'ATUL.NS', 'AXISBANK.NS', 'BAJAJHLDNG.NS', 'BALAMINES.NS', 'BANDHANBNK.NS', 'BAYERCROP.NS', 'BDL.NS', 'BIRLACORPN.NS', 'BLS.NS', 'BORORENEW.NS', 'CANBK.NS', 'CARBORUNIV.NS', 'CCL.NS', 'CENTURYTEX.NS', 'CERA.NS', 'CGCL.NS', 'CHOLAHLDNG.NS', 'DCMSHRIRAM.NS', 'EXIDEIND.NS', 'FINCABLES.NS', 'GICRE.NS', 'GLENMARK.NS', 'GODREJCP.NS', 'GRAPHITE.NS', 'GRASIM.NS', 'HEG.NS', 'HINDCOPPER.NS', 'IBULHSGFIN.NS', 'IEX.NS', 'IIFL.NS', 'ITC.NS', 'ITI.NS', 'JSWSTEEL.NS', 'KAJARIACER.NS', 'KOTAKBANK.NS', 'KRBL.NS', 'L&TFH.NS', 'LEMONTREE.NS', 'LT.NS', 'M&M.NS', 'MOTHERSON.NS', 'NAUKRI.NS', 'NLCINDIA.NS', 'OIL.NS', 'PFC.NS', 'PFIZER.NS', 'PGHH.NS', 'PGHL.NS', 'PNB.NS', 'PNCINFRA.NS', 'POLYPLEX.NS', 'PRAJIND.NS', 'RAIN.NS', 'SCHAEFFLER.NS', 'SHARDACROP.NS', 'SHRIRAMFIN.NS', 'SUNDRMFAST.NS', 'SUNTV.NS', 'SUPRAJIT.NS', 'TANLA.NS', 'TATACOMM.NS', 'TATAELXSI.NS', 'TATAINVEST.NS', 'TATAPOWER.NS', 'TATASTEEL.NS', 'THERMAX.NS', 'TIINDIA.NS', 'TVSMOTOR.NS', 'ULTRACEMCO.NS', 'VEDL.NS', 'WIPRO.NS']"
2019-10-01,"['ABCAPITAL.NS', 'AEGISCHEM.NS', 'AUROPHARMA.NS', 'BANKBARODA.NS', 'BANKINDIA.NS', 'BCG.NS', 'BHEL.NS', 'CENTRALBK.NS', 'CESC.NS', 'CGPOWER.NS', 'CUMMINSIND.NS', 'DLF.NS', 'FSL.NS', 'GODREJIND.NS', 'GPIL.NS', 'HEG.NS', 'HFCL.NS', 'IDFCFIRSTB.NS', 'IEX.NS', 'INDIACEM.NS', 'IPCALAB.NS', 'IRB.NS', 'JKLAKSHMI.NS', 'KRBL.NS', 'LAXMIMACH.NS', 'LTIM.NS', 'LTTS.NS', 'LUPIN.NS', 'MMTC.NS', 'NBCC.NS', 'NCC.NS', 'NETWORK18.NS', 'NH.NS', 'NHPC.NS', 'NTPC.NS', 'OIL.NS', 'PFC.NS', 'PNB.NS', 'POLYPLEX.NS', 'PRSMJOHNSN.NS', 'RAJESHEXPO.NS', 'RAYMOND.NS', 'RBLBANK.NS', 'SAIL.NS', 'SAREGAMA.NS', 'SBIN.NS', 'SOBHA.NS', 'SUNPHARMA.NS', 'SUNTECK.NS', 'TANLA.NS', 'TATAMOTORS.NS', 'TATAMTRDVR.NS', 'TEJASNET.NS', 'TTML.NS', 'WIPRO.NS']"
2019-11-01,"['BLS.NS', 'CIEINDIA.NS', 'CUMMINSIND.NS', 'CYIENT.NS', 'DCMSHRIRAM.NS', 'GLENMARK.NS', 'INDIANB.NS', 'INFY.NS', 'JBCHEPHARM.NS', 'JKLAKSHMI.NS', 'JUSTDIAL.NS', 'KARURVYSYA.NS', 'MARICO.NS', 'PATANJALI.NS', 'PNCINFRA.NS', 'POONAWALLA.NS', 'SAREGAMA.NS', 'SHARDACROP.NS', 'SHOPERSTOP.NS', 'SOLARINDS.NS', 'STLTECH.NS', 'SUZLON.NS', 'TANLA.NS', 'UBL.NS', 'ZEEL.NS']"
2019-12-01,"['ALLCARGO.NS', 'APOLLOTYRE.NS', 'ASIANPAINT.NS', 'AUROPHARMA.NS', 'BAJAJHLDNG.NS', 'BATAINDIA.NS', 'BBTC.NS', 'BEL.NS', 'BSE.NS', 'CCL.NS', 'CENTURYTEX.NS', 'CESC.NS', 'CGCL.NS', 'CGPOWER.NS', 'CHAMBLFERT.NS', 'CYIENT.NS', 'DCMSHRIRAM.NS', 'DEEPAKFERT.NS', 'ELGIEQUIP.NS', 'FSL.NS', 'GALAXYSURF.NS', 'GNFC.NS', 'GODREJPROP.NS', 'GRINDWELL.NS', 'GSFC.NS', 'GUJALKALI.NS', 'HFCL.NS', 'HINDPETRO.NS', 'INDIGO.NS', 'INFY.NS', 'IOC.NS', 'ITC.NS', 'JUSTDIAL.NS', 'MAHLIFE.NS', 'MARICO.NS', 'MCDOWELL-N.NS', 'MHRIL.NS', 'MPHASIS.NS', 'MRPL.NS', 'NTPC.NS', 'OIL.NS', 'OLECTRA.NS', 'ONGC.NS', 'PIDILITIND.NS', 'PNBHOUSING.NS', 'POWERGRID.NS', 'PRAJIND.NS', 'SHOPERSTOP.NS', 'SIEMENS.NS', 'SOBHA.NS', 'STLTECH.NS', 'SUNTECK.NS', 'SWANENERGY.NS', 'SYNGENE.NS', 'TCS.NS', 'THERMAX.NS', 'TITAN.NS', 'TORNTPOWER.NS', 'TRITURBINE.NS', 'TTKPRESTIG.NS', 'VARROC.NS', 'VINATIORGA.NS', 'VIPIND.NS', 'VMART.NS', 'ZENSARTECH.NS']"
2020-01-01,"['ABB.NS', 'ACC.NS', 'ADANIPORTS.NS', 'AMBUJACEM.NS', 'APOLLOTYRE.NS', 'BANDHANBNK.NS', 'BBTC.NS', 'BDL.NS', 'BEL.NS', 'BLS.NS', 'BRITANNIA.NS', 'CASTROLIND.NS', 'CENTURYPLY.NS', 'CENTURYTEX.NS', 'CESC.NS', 'CROMPTON.NS', 'DELTACORP.NS', 'EIHOTEL.NS', 'FINPIPE.NS', 'FORTIS.NS', 'FSL.NS', 'GAEL.NS', 'GICRE.NS', 'GSFC.NS', 'HAL.NS', 'HAVELLS.NS', 'HINDPETRO.NS', 'HUDCO.NS', 'ICICIPRULI.NS', 'INDHOTEL.NS', 'INDIGO.NS', 'IOC.NS', 'ITC.NS', 'JINDALSAW.NS', 'JSWENERGY.NS', 'KEI.NS', 'LT.NS', 'M&MFIN.NS', 'MARICO.NS', 'MRPL.NS', 'NBCC.NS', 'NETWORK18.NS', 'NIACL.NS', 'OIL.NS', 'OLECTRA.NS', 'PETRONET.NS', 'PRAJIND.NS', 'PRSMJOHNSN.NS', 'RAJESHEXPO.NS', 'RALLIS.NS', 'RAMCOCEM.NS', 'RCF.NS', 'SFL.NS', 'SOBHA.NS', 'STLTECH.NS', 'TTKPRESTIG.NS', 'TV18BRDCST.NS', 'UNIONBANK.NS', 'USHAMART.NS', 'VARROC.NS', 'VOLTAS.NS', 'YESBANK.NS', 'ZENSARTECH.NS']"
2020-02-01,"['ADANIPORTS.NS', 'APARINDS.NS', 'BALRAMCHIN.NS', 'BANDHANBNK.NS', 'BANKBARODA.NS', 'BDL.NS', 'BHEL.NS', 'BPCL.NS', 'CANBK.NS', 'CESC.NS', 'CGPOWER.NS', 'COCHINSHIP.NS', 'CRISIL.NS', 'DCMSHRIRAM.NS', 'DELTACORP.NS', 'EICHERMOT.NS', 'EIHOTEL.NS', 'ELGIEQUIP.NS', 'EMAMILTD.NS', 'GAIL.NS', 'GESHIP.NS', 'GODFRYPHLP.NS', 'GODREJCP.NS', 'GODREJIND.NS', 'GUJALKALI.NS', 'HDFCBANK.NS', 'ICICIGI.NS', 'IDBI.NS', 'IDFC.NS', 'IDFCFIRSTB.NS', 'INDIANB.NS', 'IOB.NS', 'ITI.NS', 'JAMNAAUTO.NS', 'JSWSTEEL.NS', 'KANSAINER.NS', 'LAXMIMACH.NS', 'LEMONTREE.NS', 'LUPIN.NS', 'MARUTI.NS', 'MOTHERSON.NS', 'NATIONALUM.NS', 'NBCC.NS', 'NMDC.NS', 'NTPC.NS', 'PETRONET.NS', 'PGHH.NS', 'PNBHOUSING.NS', 'POWERGRID.NS', 'RAYMOND.NS', 'RBLBANK.NS', 'RENUKA.NS', 'SANOFI.NS', 'SKFINDIA.NS', 'TATASTEEL.NS', 'TCS.NS', 'TEJASNET.NS', 'TRIDENT.NS', 'USHAMART.NS', 'WIPRO.NS', 'YESBANK.NS', 'ZENSARTECH.NS']"
2020-03-01,"['ADANIGREEN.NS', 'BCG.NS', 'BLS.NS', 'CENTURYTEX.NS', 'CHAMBLFERT.NS', 'CHOLAFIN.NS', 'CHOLAHLDNG.NS', 'COCHINSHIP.NS', 'CUB.NS', 'CUMMINSIND.NS', 'CYIENT.NS', 'DEEPAKFERT.NS', 'DLF.NS', 'ECLERX.NS', 'EIHOTEL.NS', 'GAIL.NS', 'GMRINFRA.NS', 'GNFC.NS', 'GODREJIND.NS', 'GPIL.NS', 'GSPL.NS', 'HAL.NS', 'IDEA.NS', 'IDFC.NS', 'INDIGO.NS', 'INDUSTOWER.NS', 'IRB.NS', 'JINDALSAW.NS', 'JINDALSTEL.NS', 'JKLAKSHMI.NS', 'JKPAPER.NS', 'KNRCON.NS', 'KRBL.NS', 'LEMONTREE.NS', 'LINDEINDIA.NS', 'MHRIL.NS', 'MMTC.NS', 'POWERGRID.NS', 'PRAJIND.NS', 'PRSMJOHNSN.NS', 'QUESS.NS', 'RBLBANK.NS', 'RENUKA.NS', 'SJVN.NS', 'SPARC.NS', 'TANLA.NS', 'TATACONSUM.NS', 'TRIDENT.NS', 'TV18BRDCST.NS', 'USHAMART.NS', 'VGUARD.NS', 'VIPIND.NS', 'WELSPUNLIV.NS', 'YESBANK.NS']"
2020-04-01,"['AARTIDRUGS.NS', 'AARTIIND.NS', 'ABB.NS', 'AEGISCHEM.NS', 'AMBUJACEM.NS', 'APARINDS.NS', 'BALAMINES.NS', 'BALKRISIND.NS', 'BALRAMCHIN.NS', 'BAYERCROP.NS', 'BDL.NS', 'BORORENEW.NS', 'BSOFT.NS', 'CCL.NS', 'CDSL.NS', 'CGCL.NS', 'CHAMBLFERT.NS', 'COFORGE.NS', 'CRISIL.NS', 'CROMPTON.NS', 'DEEPAKFERT.NS', 'EIDPARRY.NS', 'ENGINERSIN.NS', 'FINPIPE.NS', 'FORTIS.NS', 'GAEL.NS', 'GAIL.NS', 'GESHIP.NS', 'GLENMARK.NS', 'GNFC.NS', 'GPPL.NS', 'GSPL.NS', 'GUJGASLTD.NS', 'HAL.NS', 'IDEA.NS', 'INDUSTOWER.NS', 'JBMA.NS', 'KANSAINER.NS', 'LINDEINDIA.NS', 'LTIM.NS', 'LUPIN.NS', 'MPHASIS.NS', 'MUTHOOTFIN.NS', 'NAM-INDIA.NS', 'NATCOPHARM.NS', 'NATIONALUM.NS', 'NAUKRI.NS', 'NH.NS', 'NTPC.NS', 'OFSS.NS', 'OIL.NS', 'ONGC.NS', 'PEL.NS', 'PERSISTENT.NS', 'PETRONET.NS', 'PIIND.NS', 'POLYMED.NS', 'SFL.NS', 'SHRIRAMFIN.NS', 'SIEMENS.NS', 'SUZLON.NS', 'SWANENERGY.NS', 'TATAELXSI.NS', 'TATAINVEST.NS', 'TECHM.NS', 'TRENT.NS', 'TRIDENT.NS', 'TV18BRDCST.NS', 'USHAMART.NS', 'VINATIORGA.NS', 'YESBANK.NS']"
2020-05-01,"['AAVAS.NS', 'ABB.NS', 'ABCAPITAL.NS', 'ADANIENT.NS', 'ADANIPOWER.NS', 'AMBER.NS', 'APOLLOTYRE.NS', 'BAJAJFINSV.NS', 'BAJAJHLDNG.NS', 'BAJFINANCE.NS', 'BALRAMCHIN.NS', 'BHEL.NS', 'BLUESTARCO.NS', 'BORORENEW.NS', 'CARBORUNIV.NS', 'CERA.NS', 'CHOLAFIN.NS', 'COCHINSHIP.NS', 'CUMMINSIND.NS', 'DALBHARAT.NS', 'ELGIEQUIP.NS', 'EMAMILTD.NS', 'ENDURANCE.NS', 'FEDERALBNK.NS', 'FINPIPE.NS', 'GMRINFRA.NS', 'GODREJPROP.NS', 'GPPL.NS', 'GRASIM.NS', 'GSFC.NS', 'HAL.NS', 'IDBI.NS', 'INDHOTEL.NS', 'INDIANB.NS', 'INDUSINDBK.NS', 'INTELLECT.NS', 'IOC.NS', 'JAMNAAUTO.NS', 'JMFINANCIL.NS', 'KAJARIACER.NS', 'KEC.NS', 'KEI.NS', 'LAXMIMACH.NS', 'M&MFIN.NS', 'MOTILALOFS.NS', 'NAM-INDIA.NS', 'NBCC.NS', 'OBEROIRLTY.NS', 'OLECTRA.NS', 'PHOENIXLTD.NS', 'POLYMED.NS', 'PRAJIND.NS', 'PRESTIGE.NS', 'PRSMJOHNSN.NS', 'RAMCOCEM.NS', 'RBLBANK.NS', 'REDINGTON.NS', 'RHIM.NS', 'RITES.NS', 'SBIN.NS', 'SCHAEFFLER.NS', 'SIEMENS.NS', 'SKFINDIA.NS', 'SOBHA.NS', 'SOLARINDS.NS', 'SUPRAJIT.NS', 'SWANENERGY.NS', 'SYMPHONY.NS', 'TEAMLEASE.NS', 'TECHM.NS', 'TEJASNET.NS', 'THERMAX.NS', 'UBL.NS', 'USHAMART.NS', 'VOLTAS.NS', 'WELSPUNLIV.NS']"
2020-06-01,"['ABCAPITAL.NS', 'ALLCARGO.NS', 'BLS.NS', 'BLUESTARCO.NS', 'BORORENEW.NS', 'BSE.NS', 'CANBK.NS', 'CASTROLIND.NS', 'CENTRALBK.NS', 'CESC.NS', 'CGPOWER.NS', 'CHOLAFIN.NS', 'EIHOTEL.NS', 'ELGIEQUIP.NS', 'ENGINERSIN.NS', 'FEDERALBNK.NS', 'FINCABLES.NS', 'FSL.NS', 'GAEL.NS', 'GESHIP.NS', 'GNFC.NS', 'GPIL.NS', 'GRAPHITE.NS', 'GSFC.NS', 'GUJALKALI.NS', 'HFCL.NS', 'HINDPETRO.NS', 'HUDCO.NS', 'IBULHSGFIN.NS', 'IDBI.NS', 'IDFCFIRSTB.NS', 'INTELLECT.NS', 'IOB.NS', 'IRB.NS', 'JAMNAAUTO.NS', 'JBMA.NS', 'JKPAPER.NS', 'JSL.NS', 'JSWENERGY.NS', 'JYOTHYLAB.NS', 'KPITTECH.NS', 'KPRMILL.NS', 'L&TFH.NS', 'MINDACORP.NS', 'MRPL.NS', 'NATIONALUM.NS', 'NCC.NS', 'NHPC.NS', 'NLCINDIA.NS', 'OIL.NS', 'PCBL.NS', 'POWERGRID.NS', 'PRAJIND.NS', 'PRESTIGE.NS', 'PRSMJOHNSN.NS', 'RBLBANK.NS', 'RECLTD.NS', 'RENUKA.NS', 'RVNL.NS', 'SJVN.NS', 'SOBHA.NS', 'SWANENERGY.NS', 'TATAMTRDVR.NS', 'TRIDENT.NS', 'TRITURBINE.NS', 'UCOBANK.NS', 'USHAMART.NS', 'YESBANK.NS', 'ZENSARTECH.NS']"
2020-07-01,"['AARTIIND.NS', 'ABBOTINDIA.NS', 'AJANTPHARM.NS', 'ASHOKLEY.NS', 'BATAINDIA.NS', 'BHARATFORG.NS', 'BLUESTARCO.NS', 'CERA.NS', 'CHALET.NS', 'COALINDIA.NS', 'CUB.NS', 'DEEPAKNTR.NS', 'DIVISLAB.NS', 'EIHOTEL.NS', 'ERIS.NS', 'EXIDEIND.NS', 'FINEORG.NS', 'GRAPHITE.NS', 'GRINDWELL.NS', 'HDFCAMC.NS', 'HEG.NS', 'IGL.NS', 'KSB.NS', 'METROPOLIS.NS', 'NH.NS', 'PFIZER.NS', 'PIDILITIND.NS', 'PIIND.NS', 'RAJESHEXPO.NS', 'RELAXO.NS', 'SHOPERSTOP.NS', 'TORNTPHARM.NS', 'VGUARD.NS', 'VINATIORGA.NS', 'VTL.NS', 'YESBANK.NS']"
2020-08-01,"['ABCAPITAL.NS', 'APARINDS.NS', 'BCG.NS', 'CESC.NS', 'CHALET.NS', 'DMART.NS', 'ENGINERSIN.NS', 'GODFRYPHLP.NS', 'GRAPHITE.NS', 'GUJALKALI.NS', 'HEG.NS', 'HONAUT.NS', 'IGL.NS', 'IIFL.NS', 'INDIACEM.NS', 'INDUSTOWER.NS', 'INGERRAND.NS', 'KPRMILL.NS', 'MRF.NS', 'NAM-INDIA.NS', 'NTPC.NS', 'OLECTRA.NS', 'PRAJIND.NS', 'RAJESHEXPO.NS', 'RAYMOND.NS', 'RELAXO.NS', 'TATAMTRDVR.NS', 'TRITURBINE.NS', 'UBL.NS', 'VGUARD.NS', 'ZEEL.NS']"
2020-09-01,"['ALOKINDS.NS', 'BORORENEW.NS', 'CASTROLIND.NS', 'CESC.NS', 'ENGINERSIN.NS', 'FACT.NS', 'FINCABLES.NS', 'GAIL.NS', 'HINDCOPPER.NS', 'HINDPETRO.NS', 'INDIACEM.NS', 'IOC.NS', 'JKPAPER.NS', 'JUSTDIAL.NS', 'KRBL.NS', 'MANAPPURAM.NS', 'MMTC.NS', 'MRPL.NS', 'NETWORK18.NS', 'OIL.NS', 'PETRONET.NS', 'RCF.NS', 'RECLTD.NS', 'SHARDACROP.NS', 'SUZLON.NS', 'TRIDENT.NS', 'TV18BRDCST.NS', 'YESBANK.NS']"
2020-10-01,"['3MINDIA.NS', 'ABB.NS', 'APARINDS.NS', 'BAJAJHLDNG.NS', 'BANDHANBNK.NS', 'BANKBARODA.NS', 'BANKINDIA.NS', 'BDL.NS', 'BEL.NS', 'BEML.NS', 'BLS.NS', 'BORORENEW.NS', 'CANBK.NS', 'CHALET.NS', 'CONCOR.NS', 'ENGINERSIN.NS', 'FEDERALBNK.NS', 'GAIL.NS', 'GESHIP.NS', 'HAL.NS', 'HDFCLIFE.NS', 'HEG.NS', 'HINDCOPPER.NS', 'HINDPETRO.NS', 'IBULHSGFIN.NS', 'IDBI.NS', 'IGL.NS', 'INDIANB.NS', 'INDUSTOWER.NS', 'INGERRAND.NS', 'IOB.NS', 'IRCON.NS', 'JKPAPER.NS', 'KARURVYSYA.NS', 'KEI.NS', 'KOTAKBANK.NS', 'KSB.NS', 'MAHABANK.NS', 'MCDOWELL-N.NS', 'NATIONALUM.NS', 'NBCC.NS', 'NETWORK18.NS', 'NHPC.NS', 'NIACL.NS', 'NLCINDIA.NS', 'NMDC.NS', 'NTPC.NS', 'OIL.NS', 'OLECTRA.NS', 'ONGC.NS', 'ORIENTELEC.NS', 'PEL.NS', 'PETRONET.NS', 'PFC.NS', 'POWERGRID.NS', 'RCF.NS', 'RECLTD.NS', 'RENUKA.NS', 'RTNINDIA.NS', 'RVNL.NS', 'SAIL.NS', 'SBIN.NS', 'SCHAEFFLER.NS', 'SFL.NS', 'SHARDACROP.NS', 'SHRIRAMFIN.NS', 'SJVN.NS', 'SKFINDIA.NS', 'SOBHA.NS', 'SUNDARMFIN.NS', 'SUNDRMFAST.NS', 'TATASTEEL.NS', 'THERMAX.NS', 'TORNTPOWER.NS', 'TTML.NS', 'TV18BRDCST.NS', 'UBL.NS', 'UCOBANK.NS']"
2020-11-01,"['AARTIDRUGS.NS', 'ALOKINDS.NS', 'AVANTIFEED.NS', 'BANKINDIA.NS', 'BCG.NS', 'BEL.NS', 'BHEL.NS', 'BLS.NS', 'CANBK.NS', 'CESC.NS', 'COALINDIA.NS', 'ELGIEQUIP.NS', 'FEDERALBNK.NS', 'GAIL.NS', 'GRAPHITE.NS', 'HEG.NS', 'HINDCOPPER.NS', 'HUDCO.NS', 'IDEA.NS', 'INDIANB.NS', 'IOB.NS', 'IRCON.NS', 'ITI.NS', 'JAMNAAUTO.NS', 'JKPAPER.NS', 'JYOTHYLAB.NS', 'KPITTECH.NS', 'KRBL.NS', 'MAHABANK.NS', 'MINDACORP.NS', 'MMTC.NS', 'MOTHERSON.NS', 'NATIONALUM.NS', 'NBCC.NS', 'NHPC.NS', 'NLCINDIA.NS', 'OIL.NS', 'OLECTRA.NS', 'ONGC.NS', 'PATANJALI.NS', 'PNB.NS', 'RCF.NS', 'RVNL.NS', 'SUNTV.NS', 'TATAPOWER.NS', 'TV18BRDCST.NS', 'UCOBANK.NS', 'UNIONBANK.NS', 'USHAMART.NS', 'VEDL.NS', 'YESBANK.NS']"
2020-12-01,"['ABBOTINDIA.NS', 'AJANTPHARM.NS', 'BAYERCROP.NS', 'BCG.NS', 'BLS.NS', 'BPCL.NS', 'CESC.NS', 'CIPLA.NS', 'DABUR.NS', 'GLENMARK.NS', 'INFIBEAM.NS', 'KRBL.NS', 'LUPIN.NS', 'MCX.NS', 'MUTHOOTFIN.NS', 'NETWORK18.NS', 'OFSS.NS', 'POLYPLEX.NS', 'RAJESHEXPO.NS', 'RELIANCE.NS', 'RTNINDIA.NS', 'TORNTPHARM.NS', 'UPL.NS']"
2021-01-01,"['3MINDIA.NS', 'AARTIDRUGS.NS', 'ABBOTINDIA.NS', 'ACC.NS', 'AUBANK.NS', 'BOSCHLTD.NS', 'BRITANNIA.NS', 'CEATLTD.NS', 'CRISIL.NS', 'EPL.NS', 'ESCORTS.NS', 'FDC.NS', 'FINEORG.NS', 'GLENMARK.NS', 'GRANULES.NS', 'IPCALAB.NS', 'JKCEMENT.NS', 'KRBL.NS', 'METROPOLIS.NS', 'MOTILALOFS.NS', 'PFIZER.NS', 'PIIND.NS', 'POLYPLEX.NS', 'PRESTIGE.NS', 'RAMCOCEM.NS', 'RELIANCE.NS', 'TRENT.NS', 'ZFCVINDIA.NS']"
2021-02-01,"['AARTIDRUGS.NS', 'ABCAPITAL.NS', 'ALOKINDS.NS', 'BLUESTARCO.NS', 'CGPOWER.NS', 'COALINDIA.NS', 'ENGINERSIN.NS', 'GICRE.NS', 'GLENMARK.NS', 'GMRINFRA.NS', 'GPPL.NS', 'GUJALKALI.NS', 'HINDALCO.NS', 'IBULHSGFIN.NS', 'INFIBEAM.NS', 'ITI.NS', 'JINDALSAW.NS', 'JUSTDIAL.NS', 'KANSAINER.NS', 'KARURVYSYA.NS', 'MANAPPURAM.NS', 'MOTHERSON.NS', 'NLCINDIA.NS', 'NMDC.NS', 'NTPC.NS', 'ONGC.NS', 'PATANJALI.NS', 'PFC.NS', 'PNBHOUSING.NS', 'POLYPLEX.NS', 'RBLBANK.NS', 'RENUKA.NS', 'RHIM.NS', 'SAIL.NS', 'SUNDARMFIN.NS', 'SUNTECK.NS', 'TATASTEEL.NS', 'TV18BRDCST.NS', 'USHAMART.NS', 'WELCORP.NS', 'WELSPUNLIV.NS', 'YESBANK.NS']"
2021-03-01,"['ABBOTINDIA.NS', 'AIAENG.NS', 'ALKEM.NS', 'APLLTD.NS', 'AUROPHARMA.NS', 'AVANTIFEED.NS', 'BALKRISIND.NS', 'BATAINDIA.NS', 'BAYERCROP.NS', 'BIOCON.NS', 'BRITANNIA.NS', 'BSOFT.NS', 'CCL.NS', 'CHALET.NS', 'CIPLA.NS', 'CREDITACC.NS', 'DABUR.NS', 'EICHERMOT.NS', 'EPL.NS', 'FINEORG.NS', 'GILLETTE.NS', 'GLENMARK.NS', 'GODFRYPHLP.NS', 'GRANULES.NS', 'GUJALKALI.NS', 'HCLTECH.NS', 'ICICIGI.NS', 'ICICIPRULI.NS', 'IGL.NS', 'IPCALAB.NS', 'ISEC.NS', 'KOTAKBANK.NS', 'KRBL.NS', 'LTIM.NS', 'MARICO.NS', 'MCX.NS', 'METROPOLIS.NS', 'NATCOPHARM.NS', 'NH.NS', 'OFSS.NS', 'PFIZER.NS', 'PGHL.NS', 'PIDILITIND.NS', 'RITES.NS', 'RTNINDIA.NS', 'SYNGENE.NS', 'TCS.NS', 'TECHM.NS', 'TITAN.NS', 'TORNTPHARM.NS', 'UBL.NS', 'ZEEL.NS', 'ZYDUSLIFE.NS']"
2021-04-01,"['ALOKINDS.NS', 'HFCL.NS', 'IDEA.NS', 'JSL.NS', 'PATANJALI.NS', 'RENUKA.NS', 'SUZLON.NS', 'TTML.NS', 'YESBANK.NS']"
2021-05-01,"['360ONE.NS', 'ABCAPITAL.NS', 'ABFRL.NS', 'ASAHIINDIA.NS', 'ASHOKLEY.NS', 'ASTERDM.NS', 'BANKBARODA.NS', 'BANKINDIA.NS', 'BCG.NS', 'BLS.NS', 'BLUESTARCO.NS', 'BRIGADE.NS', 'BSOFT.NS', 'CANBK.NS', 'CENTRALBK.NS', 'CHAMBLFERT.NS', 'DELTACORP.NS', 'ENGINERSIN.NS', 'FINCABLES.NS', 'HUDCO.NS', 'IBULHSGFIN.NS', 'IDFCFIRSTB.NS', 'INDIACEM.NS', 'INDIANB.NS', 'IOB.NS', 'IRB.NS', 'KANSAINER.NS', 'KARURVYSYA.NS', 'KNRCON.NS', 'KRBL.NS', 'LEMONTREE.NS', 'MANAPPURAM.NS', 'MHRIL.NS', 'NBCC.NS', 'NCC.NS', 'NIACL.NS', 'NTPC.NS', 'PFC.NS', 'PNB.NS', 'PNBHOUSING.NS', 'PNCINFRA.NS', 'RECLTD.NS', 'RITES.NS', 'RVNL.NS', 'SHOPERSTOP.NS', 'SJVN.NS', 'SUPRAJIT.NS', 'SUZLON.NS', 'SWANENERGY.NS', 'TATAMOTORS.NS', 'TATAMTRDVR.NS', 'TRIDENT.NS', 'UNIONBANK.NS', 'VGUARD.NS', 'VTL.NS', 'YESBANK.NS', 'ZENSARTECH.NS']"
2021-06-01,"['CEATLTD.NS', 'CUMMINSIND.NS', 'GRANULES.NS', 'IIFL.NS', 'INDIAMART.NS', 'INDUSTOWER.NS', 'LINDEINDIA.NS', 'NAUKRI.NS', 'OLECTRA.NS', 'PGHL.NS', 'SYMPHONY.NS', 'YESBANK.NS']"
2021-07-01,"['AARTIDRUGS.NS', 'ABCAPITAL.NS', 'ADANIGREEN.NS', 'ADANIPORTS.NS', 'BHARTIARTL.NS', 'BLUESTARCO.NS', 'COCHINSHIP.NS', 'DLF.NS', 'ELGIEQUIP.NS', 'ENGINERSIN.NS', 'EXIDEIND.NS', 'GAIL.NS', 'GRAPHITE.NS', 'HAVELLS.NS', 'HEROMOTOCO.NS', 'HINDCOPPER.NS', 'IDFCFIRSTB.NS', 'INDIAMART.NS', 'INDUSTOWER.NS', 'IPCALAB.NS', 'ITC.NS', 'KARURVYSYA.NS', 'LUPIN.NS', 'M&M.NS', 'M&MFIN.NS', 'MGL.NS', 'MRF.NS', 'PAGEIND.NS', 'PETRONET.NS', 'SANOFI.NS', 'SBICARD.NS', 'SHREECEM.NS', 'SHRIRAMFIN.NS', 'SOBHA.NS', 'SUVENPHAR.NS', 'TANLA.NS', 'TIINDIA.NS', 'VAIBHAVGBL.NS', 'VARROC.NS', 'WELCORP.NS', 'YESBANK.NS']"
2021-08-01,"['3MINDIA.NS', 'AAVAS.NS', 'ABCAPITAL.NS', 'ADANIPORTS.NS', 'AEGISCHEM.NS', 'AIAENG.NS', 'ATGL.NS', 'AUROPHARMA.NS', 'AXISBANK.NS', 'BAJAJ-AUTO.NS', 'BBTC.NS', 'BIOCON.NS', 'BLUEDART.NS', 'BPCL.NS', 'BRITANNIA.NS', 'CASTROLIND.NS', 'CIPLA.NS', 'COCHINSHIP.NS', 'CONCOR.NS', 'CREDITACC.NS', 'DIXON.NS', 'EICHERMOT.NS', 'EPL.NS', 'EXIDEIND.NS', 'GLENMARK.NS', 'HDFCAMC.NS', 'HDFCBANK.NS', 'HDFCLIFE.NS', 'HINDUNILVR.NS', 'HINDZINC.NS', 'ICICIGI.NS', 'INDIAMART.NS', 'INDIGO.NS', 'INDUSINDBK.NS', 'INDUSTOWER.NS', 'KOTAKBANK.NS', 'L&TFH.NS', 'LUPIN.NS', 'M&M.NS', 'M&MFIN.NS', 'MARUTI.NS', 'MRF.NS', 'NATCOPHARM.NS', 'PETRONET.NS', 'PGHH.NS', 'RELIANCE.NS', 'SIEMENS.NS', 'SUNDRMFAST.NS', 'SUPREMEIND.NS', 'TCS.NS', 'THERMAX.NS', 'TIINDIA.NS', 'TVSMOTOR.NS', 'WELCORP.NS', 'ZYDUSLIFE.NS']"
2021-09-01,"['AAVAS.NS', 'ABCAPITAL.NS', 'AUBANK.NS', 'AVANTIFEED.NS', 'BANDHANBNK.NS', 'BANKINDIA.NS', 'BIOCON.NS', 'CENTRALBK.NS', 'CGCL.NS', 'COCHINSHIP.NS', 'COROMANDEL.NS', 'DRREDDY.NS', 'EIHOTEL.NS', 'ELGIEQUIP.NS', 'EPL.NS', 'FACT.NS', 'FEDERALBNK.NS', 'FINCABLES.NS', 'FSL.NS', 'GNFC.NS', 'GPIL.NS', 'GRANULES.NS', 'HUDCO.NS', 'IDEA.NS', 'INDIANB.NS', 'INDUSTOWER.NS', 'IOB.NS', 'JINDALSAW.NS', 'JINDALSTEL.NS', 'KARURVYSYA.NS', 'L&TFH.NS', 'LEMONTREE.NS', 'LICHSGFIN.NS', 'MINDACORP.NS', 'MMTC.NS', 'MOTHERSON.NS', 'MRPL.NS', 'NATCOPHARM.NS', 'NBCC.NS', 'NCC.NS', 'NLCINDIA.NS', 'NMDC.NS', 'PNB.NS', 'RENUKA.NS', 'RTNINDIA.NS', 'SAIL.NS', 'SJVN.NS', 'STLTECH.NS', 'SUZLON.NS', 'TATAMOTORS.NS', 'TV18BRDCST.NS', 'UCOBANK.NS', 'UPL.NS', 'VINATIORGA.NS', 'WELCORP.NS', 'ZYDUSLIFE.NS']"
2021-10-01,"['ACC.NS', 'AIAENG.NS', 'ALKYLAMINE.NS', 'AMBUJACEM.NS', 'APLAPOLLO.NS', 'AXISBANK.NS', 'BANDHANBNK.NS', 'BERGEPAINT.NS', 'BHARATFORG.NS', 'CCL.NS', 'COLPAL.NS', 'COROMANDEL.NS', 'CREDITACC.NS', 'ENDURANCE.NS', 'GICRE.NS', 'GODREJCP.NS', 'GRAPHITE.NS', 'GSPL.NS', 'IGL.NS', 'INFIBEAM.NS', 'JINDALSAW.NS', 'JKCEMENT.NS', 'JKPAPER.NS', 'JSWSTEEL.NS', 'JUBLPHARMA.NS', 'KNRCON.NS', 'LALPATHLAB.NS', 'LAURUSLABS.NS', 'MFSL.NS', 'MGL.NS', 'MUTHOOTFIN.NS', 'NAVINFLUOR.NS', 'NH.NS', 'PNBHOUSING.NS', 'POLYMED.NS', 'POONAWALLA.NS', 'PRSMJOHNSN.NS', 'RALLIS.NS', 'RAMCOCEM.NS', 'REDINGTON.NS', 'RELAXO.NS', 'RTNINDIA.NS', 'SAIL.NS', 'SBICARD.NS', 'SHRIRAMFIN.NS', 'SUMICHEM.NS', 'SUNDARMFIN.NS', 'SWANENERGY.NS', 'TATACONSUM.NS', 'TATASTEEL.NS', 'UJJIVANSFB.NS', 'ULTRACEMCO.NS', 'ZYDUSLIFE.NS']"
2021-11-01,"['ADANIENT.NS', 'ADANIPORTS.NS', 'AJANTPHARM.NS', 'ALKYLAMINE.NS', 'APOLLOHOSP.NS', 'APOLLOTYRE.NS', 'ASTERDM.NS', 'ATUL.NS', 'AUROPHARMA.NS', 'AXISBANK.NS', 'BAJAJ-AUTO.NS', 'BALRAMCHIN.NS', 'BPCL.NS', 'CENTURYTEX.NS', 'COCHINSHIP.NS', 'COFORGE.NS', 'CONCOR.NS', 'COROMANDEL.NS', 'CREDITACC.NS', 'CSBBANK.NS', 'CUMMINSIND.NS', 'DABUR.NS', 'DEEPAKNTR.NS', 'DRREDDY.NS', 'EMAMILTD.NS', 'ENGINERSIN.NS', 'EXIDEIND.NS', 'FORTIS.NS', 'GAEL.NS', 'GALAXYSURF.NS', 'GESHIP.NS', 'GODREJCP.NS', 'GRANULES.NS', 'GRAPHITE.NS', 'GSPL.NS', 'HAVELLS.NS', 'HCLTECH.NS', 'HDFCLIFE.NS', 'HEG.NS', 'HONAUT.NS', 'IBULHSGFIN.NS', 'ICICIGI.NS', 'ICICIPRULI.NS', 'INDIAMART.NS', 'INTELLECT.NS', 'JBCHEPHARM.NS', 'JMFINANCIL.NS', 'JUBLFOOD.NS', 'JUBLPHARMA.NS', 'JYOTHYLAB.NS', 'KNRCON.NS', 'KPITTECH.NS', 'L&TFH.NS', 'LALPATHLAB.NS', 'LINDEINDIA.NS', 'LUPIN.NS', 'LUXIND.NS', 'MASTEK.NS', 'MFSL.NS', 'MMTC.NS', 'MRF.NS', 'MUTHOOTFIN.NS', 'NAM-INDIA.NS', 'NAUKRI.NS', 'NIACL.NS', 'OFSS.NS', 'PIDILITIND.NS', 'PIIND.NS', 'PNCINFRA.NS', 'POWERINDIA.NS', 'PRSMJOHNSN.NS', 'ROUTE.NS', 'RTNINDIA.NS', 'SUMICHEM.NS', 'SUNDARMFIN.NS', 'SUNDRMFAST.NS', 'SUVENPHAR.NS', 'TATACOMM.NS', 'TORNTPHARM.NS', 'WELSPUNLIV.NS']"
2021-12-01,"['360ONE.NS', 'ABBOTINDIA.NS', 'ACC.NS', 'ADANIPORTS.NS', 'AJANTPHARM.NS', 'ALOKINDS.NS', 'AMBER.NS', 'AMBUJACEM.NS', 'AUROPHARMA.NS', 'BAJFINANCE.NS', 'BALRAMCHIN.NS', 'BANDHANBNK.NS', 'BANKBARODA.NS', 'BATAINDIA.NS', 'BERGEPAINT.NS', 'BHEL.NS', 'BLS.NS', 'BOSCHLTD.NS', 'BRITANNIA.NS', 'CANFINHOME.NS', 'CASTROLIND.NS', 'CENTURYTEX.NS', 'CHOLAFIN.NS', 'CIEINDIA.NS', 'COALINDIA.NS', 'COCHINSHIP.NS', 'CONCOR.NS', 'CUMMINSIND.NS', 'CYIENT.NS', 'DALBHARAT.NS', 'DCMSHRIRAM.NS', 'DELTACORP.NS', 'DLF.NS', 'FACT.NS', 'FEDERALBNK.NS', 'FSL.NS', 'GAEL.NS', 'GODREJCP.NS', 'GODREJPROP.NS', 'GPIL.NS', 'GPPL.NS', 'GRANULES.NS', 'GRASIM.NS', 'GSFC.NS', 'GUJALKALI.NS', 'HDFCLIFE.NS', 'HINDCOPPER.NS', 'HINDPETRO.NS', 'ICICIBANK.NS', 'ICICIGI.NS', 'IDBI.NS', 'IDFC.NS', 'IDFCFIRSTB.NS', 'INDHOTEL.NS', 'INDIACEM.NS', 'INDIANB.NS', 'INDIGO.NS', 'INTELLECT.NS', 'IOC.NS', 'ITC.NS', 'ITI.NS', 'JINDALSAW.NS', 'JKPAPER.NS', 'JUBLFOOD.NS', 'KARURVYSYA.NS', 'KEC.NS', 'KRBL.NS', 'LT.NS', 'LUPIN.NS', 'M&M.NS', 'MAHABANK.NS', 'MARICO.NS', 'MARUTI.NS', 'MAZDOCK.NS', 'MCX.NS', 'MFSL.NS', 'MHRIL.NS', 'MMTC.NS', 'MOTHERSON.NS', 'MRF.NS', 'MRPL.NS', 'NATIONALUM.NS', 'NAUKRI.NS', 'NIACL.NS', 'NLCINDIA.NS', 'NMDC.NS', 'NTPC.NS', 'OBEROIRLTY.NS', 'OFSS.NS', 'PATANJALI.NS', 'PEL.NS', 'PETRONET.NS', 'PNB.NS', 'PNCINFRA.NS', 'PRAJIND.NS', 'RAIN.NS', 'RBLBANK.NS', 'RCF.NS', 'RECLTD.NS', 'RENUKA.NS', 'ROUTE.NS', 'SBIN.NS', 'SHRIRAMFIN.NS', 'SIEMENS.NS', 'SRF.NS', 'SUNPHARMA.NS', 'SUNTECK.NS', 'SUNTV.NS', 'SUPREMEIND.NS', 'SUVENPHAR.NS', 'TATACHEM.NS', 'TATACONSUM.NS', 'TATAINVEST.NS', 'TRENT.NS', 'UCOBANK.NS', 'VINATIORGA.NS', 'WESTLIFE.NS', 'WHIRLPOOL.NS', 'YESBANK.NS']"
2022-01-01,"['360ONE.NS', 'ADANIPOWER.NS', 'ASHOKLEY.NS', 'BANKBARODA.NS', 'BHEL.NS', 'BLS.NS', 'CANBK.NS', 'CENTRALBK.NS', 'CHALET.NS', 'CIEINDIA.NS', 'COALINDIA.NS', 'EIHOTEL.NS', 'ENGINERSIN.NS', 'EQUITASBNK.NS', 'GAIL.NS', 'GPPL.NS', 'GSPL.NS', 'HINDPETRO.NS', 'IBULHSGFIN.NS', 'IDBI.NS', 'IIFL.NS', 'INDHOTEL.NS', 'INDIANB.NS', 'INFIBEAM.NS', 'IOB.NS', 'IRCON.NS', 'ITC.NS', 'JINDALSAW.NS', 'JKPAPER.NS', 'JMFINANCIL.NS', 'KARURVYSYA.NS', 'KRBL.NS', 'L&TFH.NS', 'LEMONTREE.NS', 'LICHSGFIN.NS', 'MAHABANK.NS', 'MANAPPURAM.NS', 'MRPL.NS', 'NCC.NS', 'NHPC.NS', 'NIACL.NS', 'NTPC.NS', 'PETRONET.NS', 'PFC.NS', 'PNB.NS', 'RECLTD.NS', 'REDINGTON.NS', 'RITES.NS', 'RTNINDIA.NS', 'SAIL.NS', 'TATASTEEL.NS', 'UCOBANK.NS', 'UJJIVANSFB.NS', 'UNIONBANK.NS']"
2022-02-01,"['AARTIDRUGS.NS', 'AEGISCHEM.NS', 'ALLCARGO.NS', 'APARINDS.NS', 'APLAPOLLO.NS', 'APLLTD.NS', 'APOLLOHOSP.NS', 'ASIANPAINT.NS', 'ASTRAL.NS', 'AUROPHARMA.NS', 'BAJAJFINSV.NS', 'BAJFINANCE.NS', 'BERGEPAINT.NS', 'BIRLACORPN.NS', 'CAMS.NS', 'CEATLTD.NS', 'CENTURYPLY.NS', 'CIEINDIA.NS', 'COFORGE.NS', 'CRISIL.NS', 'CYIENT.NS', 'DALBHARAT.NS', 'DEEPAKNTR.NS', 'ECLERX.NS', 'ENDURANCE.NS', 'EPL.NS', 'EQUITASBNK.NS', 'ERIS.NS', 'FINCABLES.NS', 'FSL.NS', 'GLAND.NS', 'GODREJCP.NS', 'GODREJPROP.NS', 'GRANULES.NS', 'HINDUNILVR.NS', 'IBULHSGFIN.NS', 'ICICIGI.NS', 'IDEA.NS', 'IEX.NS', 'INDIGO.NS', 'INDUSINDBK.NS', 'INFY.NS', 'ISEC.NS', 'JKLAKSHMI.NS', 'JSWSTEEL.NS', 'JUBLFOOD.NS', 'KANSAINER.NS', 'KRBL.NS', 'L&TFH.NS', 'LTIM.NS', 'LTTS.NS', 'MANAPPURAM.NS', 'MARICO.NS', 'MASTEK.NS', 'MAXHEALTH.NS', 'MCX.NS', 'MOTILALOFS.NS', 'MRF.NS', 'NAM-INDIA.NS', 'NAUKRI.NS', 'NESTLEIND.NS', 'PATANJALI.NS', 'PEL.NS', 'PETRONET.NS', 'PGHH.NS', 'PIDILITIND.NS', 'PRINCEPIPE.NS', 'RADICO.NS', 'RALLIS.NS', 'RATNAMANI.NS', 'ROSSARI.NS', 'SAIL.NS', 'SKFINDIA.NS', 'SONATSOFTW.NS', 'SUPREMEIND.NS', 'SYNGENE.NS', 'TATACOMM.NS', 'TATASTEEL.NS', 'TITAN.NS', 'TRENT.NS', 'TTML.NS', 'TVSMOTOR.NS', 'ULTRACEMCO.NS', 'VGUARD.NS', 'VOLTAS.NS', 'WESTLIFE.NS', 'ZEEL.NS', 'ZFCVINDIA.NS']"
2022-03-01,"['ABCAPITAL.NS', 'ALLCARGO.NS', 'ALOKINDS.NS', 'ASHOKLEY.NS', 'ASTERDM.NS', 'BANKINDIA.NS', 'BHEL.NS', 'BPCL.NS', 'CESC.NS', 'CIEINDIA.NS', 'CSBBANK.NS', 'ENGINERSIN.NS', 'EQUITASBNK.NS', 'EXIDEIND.NS', 'FACT.NS', 'FDC.NS', 'FORTIS.NS', 'FSL.NS', 'HINDPETRO.NS', 'IDBI.NS', 'IDEA.NS', 'IDFCFIRSTB.NS', 'IEX.NS', 'IOB.NS', 'IRB.NS', 'JINDALSAW.NS', 'L&TFH.NS', 'LICHSGFIN.NS', 'M&MFIN.NS', 'MAHABANK.NS', 'MAZDOCK.NS', 'MOTHERSON.NS', 'MRPL.NS', 'NBCC.NS', 'NCC.NS', 'NETWORK18.NS', 'NHPC.NS', 'PNB.NS', 'PNBHOUSING.NS', 'PRSMJOHNSN.NS', 'RAIN.NS', 'RBLBANK.NS', 'RCF.NS', 'RTNINDIA.NS', 'RVNL.NS', 'SPARC.NS', 'TATAMTRDVR.NS', 'TRIDENT.NS', 'UCOBANK.NS', 'UJJIVANSFB.NS', 'UNIONBANK.NS']"
2022-04-01,"['ABCAPITAL.NS', 'ALOKINDS.NS', 'APOLLOTYRE.NS', 'BANKINDIA.NS', 'BHEL.NS', 'BIOCON.NS', 'CENTRALBK.NS', 'CESC.NS', 'COCHINSHIP.NS', 'CROMPTON.NS', 'CSBBANK.NS', 'ENGINERSIN.NS', 'EQUITASBNK.NS', 'EXIDEIND.NS', 'FINPIPE.NS', 'FSL.NS', 'GICRE.NS', 'GLENMARK.NS', 'GMRINFRA.NS', 'HINDCOPPER.NS', 'HINDPETRO.NS', 'IBULHSGFIN.NS', 'IDBI.NS', 'IDEA.NS', 'IDFCFIRSTB.NS', 'IIFL.NS', 'INFIBEAM.NS', 'IOB.NS', 'ITI.NS', 'JAMNAAUTO.NS', 'JBMA.NS', 'JINDALSAW.NS', 'KARURVYSYA.NS', 'KRBL.NS', 'MAZDOCK.NS', 'MMTC.NS', 'MOTHERSON.NS', 'MRPL.NS', 'NHPC.NS', 'NLCINDIA.NS', 'PNB.NS', 'PRSMJOHNSN.NS', 'RALLIS.NS', 'RBLBANK.NS', 'RECLTD.NS', 'REDINGTON.NS', 'RTNINDIA.NS', 'RVNL.NS', 'SJVN.NS', 'SONATSOFTW.NS', 'SUNTECK.NS', 'SUZLON.NS', 'SWSOLAR.NS', 'TATAMTRDVR.NS', 'UCOBANK.NS', 'UNIONBANK.NS']"
2022-05-01,"['AARTIDRUGS.NS', 'ALLCARGO.NS', 'ALOKINDS.NS', 'BANKINDIA.NS', 'BCG.NS', 'BHEL.NS', 'CENTRALBK.NS', 'CSBBANK.NS', 'ENGINERSIN.NS', 'EPL.NS', 'EXIDEIND.NS', 'FACT.NS', 'FDC.NS', 'FEDERALBNK.NS', 'FINCABLES.NS', 'FINPIPE.NS', 'FSL.NS', 'GMRINFRA.NS', 'HFCL.NS', 'HUDCO.NS', 'IBULHSGFIN.NS', 'IDBI.NS', 'IDEA.NS', 'IDFC.NS', 'IDFCFIRSTB.NS', 'INDIACEM.NS', 'INFIBEAM.NS', 'IOB.NS', 'IRB.NS', 'IRCON.NS', 'ITI.NS', 'JINDALSAW.NS', 'KARURVYSYA.NS', 'KEC.NS', 'MAHABANK.NS', 'MMTC.NS', 'MOTHERSON.NS', 'NAM-INDIA.NS', 'NBCC.NS', 'NETWORK18.NS', 'OIL.NS', 'PCBL.NS', 'PNB.NS', 'RECLTD.NS', 'RTNINDIA.NS', 'RVNL.NS', 'SAIL.NS', 'SJVN.NS', 'SONATSOFTW.NS', 'SUZLON.NS', 'TATASTEEL.NS', 'TRIDENT.NS', 'TRITURBINE.NS', 'TTML.NS', 'UCOBANK.NS', 'UNOMINDA.NS', 'VGUARD.NS', 'YESBANK.NS', 'ZYDUSLIFE.NS']"
2022-06-01,"['ABCAPITAL.NS', 'ALLCARGO.NS', 'ALOKINDS.NS', 'BANKBARODA.NS', 'BCG.NS', 'CESC.NS', 'EIHOTEL.NS', 'EXIDEIND.NS', 'FEDERALBNK.NS', 'FSL.NS', 'GAIL.NS', 'GPPL.NS', 'GSPL.NS', 'HFCL.NS', 'IDBI.NS', 'IDFC.NS', 'IDFCFIRSTB.NS', 'IEX.NS', 'INDUSTOWER.NS', 'INFIBEAM.NS', 'IOC.NS', 'IRB.NS', 'IRCON.NS', 'ITI.NS', 'JINDALSAW.NS', 'JMFINANCIL.NS', 'KARURVYSYA.NS', 'KRBL.NS', 'L&TFH.NS', 'MHRIL.NS', 'MMTC.NS', 'NAM-INDIA.NS', 'NATIONALUM.NS', 'NBCC.NS', 'NETWORK18.NS', 'ONGC.NS', 'PCBL.NS', 'PNB.NS', 'PRSMJOHNSN.NS', 'RBLBANK.NS', 'RECLTD.NS', 'RVNL.NS', 'SJVN.NS', 'STLTECH.NS', 'SUZLON.NS', 'TRIDENT.NS', 'TTML.NS', 'UCOBANK.NS', 'UJJIVANSFB.NS', 'USHAMART.NS', 'VARROC.NS', 'YESBANK.NS']"
2022-07-01,"['AARTIIND.NS', 'ABFRL.NS', 'ADANIPORTS.NS', 'AMBER.NS', 'ANGELONE.NS', 'APOLLOTYRE.NS', 'AUBANK.NS', 'AUROPHARMA.NS', 'AXISBANK.NS', 'BAJFINANCE.NS', 'BALRAMCHIN.NS', 'BERGEPAINT.NS', 'BHEL.NS', 'BIOCON.NS', 'BIRLACORPN.NS', 'BPCL.NS', 'CANBK.NS', 'CEATLTD.NS', 'CESC.NS', 'CHOLAHLDNG.NS', 'COLPAL.NS', 'CONCOR.NS', 'CYIENT.NS', 'DMART.NS', 'ECLERX.NS', 'EIHOTEL.NS', 'ENGINERSIN.NS', 'EPL.NS', 'EXIDEIND.NS', 'FINPIPE.NS', 'GAIL.NS', 'GNFC.NS', 'GODFRYPHLP.NS', 'GODREJPROP.NS', 'GRAPHITE.NS', 'GRASIM.NS', 'GSFC.NS', 'GUJALKALI.NS', 'HAPPSTMNDS.NS', 'HAVELLS.NS', 'HINDCOPPER.NS', 'HINDPETRO.NS', 'ICICIGI.NS', 'ICICIPRULI.NS', 'IDFCFIRSTB.NS', 'INDIACEM.NS', 'INDIGO.NS', 'JINDALSAW.NS', 'KOTAKBANK.NS', 'L&TFH.NS', 'LUPIN.NS', 'MAHABANK.NS', 'MARICO.NS', 'MASTEK.NS', 'MAZDOCK.NS', 'NAM-INDIA.NS', 'NATCOPHARM.NS', 'NLCINDIA.NS', 'PEL.NS', 'PFIZER.NS', 'PNB.NS', 'POONAWALLA.NS', 'POWERGRID.NS', 'PRESTIGE.NS', 'RAIN.NS', 'RCF.NS', 'RELAXO.NS', 'RITES.NS', 'RVNL.NS', 'SAIL.NS', 'SAREGAMA.NS', 'STLTECH.NS', 'SUVENPHAR.NS', 'SWSOLAR.NS', 'TATACOMM.NS', 'TATACONSUM.NS', 'TATAPOWER.NS', 'TRITURBINE.NS', 'TRIVENI.NS', 'TV18BRDCST.NS', 'UNIONBANK.NS', 'UTIAMC.NS', 'VARROC.NS', 'VTL.NS', 'ZEEL.NS', 'ZENSARTECH.NS']"
2022-08-01,"['AARTIDRUGS.NS', 'ALOKINDS.NS', 'AUBANK.NS', 'BANDHANBNK.NS', 'BCG.NS', 'BEML.NS', 'BORORENEW.NS', 'BSOFT.NS', 'CENTRALBK.NS', 'CGCL.NS', 'GICRE.NS', 'GLENMARK.NS', 'GODREJIND.NS', 'GPPL.NS', 'GSPL.NS', 'GUJGASLTD.NS', 'HCLTECH.NS', 'HINDZINC.NS', 'IDEA.NS', 'IOC.NS', 'IRCON.NS', 'JBMA.NS', 'JUBLPHARMA.NS', 'JUSTDIAL.NS', 'LUXIND.NS', 'M&MFIN.NS', 'MAHLIFE.NS', 'MASTEK.NS', 'MCDOWELL-N.NS', 'MGL.NS', 'MOTILALOFS.NS', 'MRPL.NS', 'NAM-INDIA.NS', 'NATIONALUM.NS', 'NLCINDIA.NS', 'NMDC.NS', 'ONGC.NS', 'PETRONET.NS', 'POLYMED.NS', 'POWERGRID.NS', 'PRESTIGE.NS', 'QUESS.NS', 'RBLBANK.NS', 'REDINGTON.NS', 'RELAXO.NS', 'RHIM.NS', 'RTNINDIA.NS', 'RVNL.NS', 'SUMICHEM.NS', 'SWANENERGY.NS', 'SYNGENE.NS', 'TATAPOWER.NS', 'TRIDENT.NS', 'TRIVENI.NS', 'VEDL.NS', 'VIPIND.NS', 'WELSPUNLIV.NS', 'WIPRO.NS']"
2022-09-01,"['ABBOTINDIA.NS', 'ALKEM.NS', 'ALOKINDS.NS', 'AMBER.NS', 'APLAPOLLO.NS', 'AUROPHARMA.NS', 'BBTC.NS', 'BCG.NS', 'BIOCON.NS', 'BORORENEW.NS', 'BSOFT.NS', 'COFORGE.NS', 'DIVISLAB.NS', 'ECLERX.NS', 'EIDPARRY.NS', 'GAEL.NS', 'GLAND.NS', 'GLENMARK.NS', 'GODFRYPHLP.NS', 'HCLTECH.NS', 'INDUSTOWER.NS', 'INFY.NS', 'INTELLECT.NS', 'JBMA.NS', 'KEC.NS', 'LUXIND.NS', 'METROPOLIS.NS', 'OFSS.NS', 'ORIENTELEC.NS', 'PGHH.NS', 'PGHL.NS', 'POLYPLEX.NS', 'PRINCEPIPE.NS', 'QUESS.NS', 'TCS.NS', 'TRIDENT.NS', 'TTML.NS', 'WIPRO.NS']"
2022-10-01,"['ADANIPORTS.NS', 'AUROPHARMA.NS', 'BALRAMCHIN.NS', 'BANDHANBNK.NS', 'BAYERCROP.NS', 'BCG.NS', 'BHARATFORG.NS', 'BIOCON.NS', 'BIRLACORPN.NS', 'CENTURYTEX.NS', 'CHAMBLFERT.NS', 'CHOLAFIN.NS', 'COALINDIA.NS', 'COFORGE.NS', 'CYIENT.NS', 'DCMSHRIRAM.NS', 'DLF.NS', 'ELGIEQUIP.NS', 'ENGINERSIN.NS', 'FACT.NS', 'FINPIPE.NS', 'FORTIS.NS', 'GALAXYSURF.NS', 'HDFCAMC.NS', 'HDFCLIFE.NS', 'INFY.NS', 'JAMNAAUTO.NS', 'JBMA.NS', 'JSWSTEEL.NS', 'LAURUSLABS.NS', 'LUXIND.NS', 'MCX.NS', 'MFSL.NS', 'NATCOPHARM.NS', 'NATIONALUM.NS', 'NAUKRI.NS', 'NETWORK18.NS', 'OBEROIRLTY.NS', 'OFSS.NS', 'OLECTRA.NS', 'ONGC.NS', 'PERSISTENT.NS', 'PIIND.NS', 'POWERGRID.NS', 'PRINCEPIPE.NS', 'SOBHA.NS', 'TATAPOWER.NS', 'TECHM.NS', 'THERMAX.NS', 'TRIDENT.NS', 'TTML.NS', 'UTIAMC.NS', 'VARROC.NS', 'VOLTAS.NS']"
2022-11-01,"['AAVAS.NS', 'ADANIPOWER.NS', 'AFFLE.NS', 'ASIANPAINT.NS', 'ASTRAL.NS', 'BBTC.NS', 'BCG.NS', 'BIOCON.NS', 'BPCL.NS', 'BSE.NS', 'CESC.NS', 'CHOLAFIN.NS', 'COROMANDEL.NS', 'CRISIL.NS', 'ECLERX.NS', 'ENDURANCE.NS', 'FINPIPE.NS', 'GAEL.NS', 'GALAXYSURF.NS', 'GLAXO.NS', 'GODREJCP.NS', 'GODREJIND.NS', 'GPIL.NS', 'GRAPHITE.NS', 'HAPPSTMNDS.NS', 'HAVELLS.NS', 'HEG.NS', 'HINDCOPPER.NS', 'HINDPETRO.NS', 'ICICIPRULI.NS', 'IDEA.NS', 'IEX.NS', 'INDUSTOWER.NS', 'KAJARIACER.NS', 'KNRCON.NS', 'LINDEINDIA.NS', 'MASTEK.NS', 'MINDACORP.NS', 'MMTC.NS', 'NAM-INDIA.NS', 'NATIONALUM.NS', 'NETWORK18.NS', 'OFSS.NS', 'PCBL.NS', 'PEL.NS', 'PGHL.NS', 'PIDILITIND.NS', 'PNCINFRA.NS', 'REDINGTON.NS', 'RELAXO.NS', 'RENUKA.NS', 'ROSSARI.NS', 'ROUTE.NS', 'SKFINDIA.NS', 'SOBHA.NS', 'SWSOLAR.NS', 'SYMPHONY.NS', 'TANLA.NS', 'TRIDENT.NS', 'TTKPRESTIG.NS', 'TTML.NS', 'UTIAMC.NS', 'VARROC.NS', 'VOLTAS.NS', 'WELCORP.NS', 'WHIRLPOOL.NS', 'WIPRO.NS', 'YESBANK.NS']"
2022-12-01,"['AARTIIND.NS', 'AAVAS.NS', 'ABB.NS', 'ADANIPOWER.NS', 'AJANTPHARM.NS', 'ALKYLAMINE.NS', 'ALOKINDS.NS', 'APLLTD.NS', 'BAJAJFINSV.NS', 'BAJAJHLDNG.NS', 'BATAINDIA.NS', 'BAYERCROP.NS', 'BEML.NS', 'BLUEDART.NS', 'BORORENEW.NS', 'BSE.NS', 'CESC.NS', 'CHOLAFIN.NS', 'CIEINDIA.NS', 'COALINDIA.NS', 'COROMANDEL.NS', 'CREDITACC.NS', 'CRISIL.NS', 'CROMPTON.NS', 'CSBBANK.NS', 'DEEPAKFERT.NS', 'DIVISLAB.NS', 'DIXON.NS', 'DMART.NS', 'ERIS.NS', 'FLUOROCHEM.NS', 'GALAXYSURF.NS', 'GLAND.NS', 'GLAXO.NS', 'GNFC.NS', 'GRANULES.NS', 'GUJALKALI.NS', 'HAPPSTMNDS.NS', 'ICICIPRULI.NS', 'IDEA.NS', 'INDIAMART.NS', 'INTELLECT.NS', 'IPCALAB.NS', 'KANSAINER.NS', 'LINDEINDIA.NS', 'LUXIND.NS', 'MAHLIFE.NS', 'METROPOLIS.NS', 'NAVINFLUOR.NS', 'PAGEIND.NS', 'PATANJALI.NS', 'PEL.NS', 'POLYCAB.NS', 'POLYPLEX.NS', 'PRAJIND.NS', 'RAMCOCEM.NS', 'SAFARI.NS', 'SHOPERSTOP.NS', 'SIEMENS.NS', 'SRF.NS', 'SUNDARMFIN.NS', 'SUNTV.NS', 'TATACHEM.NS', 'TATAELXSI.NS', 'TTKPRESTIG.NS', 'TVSMOTOR.NS', 'VMART.NS', 'WESTLIFE.NS', 'WHIRLPOOL.NS', 'ZYDUSWELL.NS']"
2023-01-01,"['ACC.NS', 'ADANIGREEN.NS', 'ADANIPOWER.NS', 'AIAENG.NS', 'ALLCARGO.NS', 'ALOKINDS.NS', 'AMBUJACEM.NS', 'APOLLOHOSP.NS', 'ASIANPAINT.NS', 'ASTRAL.NS', 'BAJAJFINSV.NS', 'BAJFINANCE.NS', 'BANDHANBNK.NS', 'BBTC.NS', 'BEL.NS', 'BHARTIARTL.NS', 'BLS.NS', 'BLUESTARCO.NS', 'BORORENEW.NS', 'BRIGADE.NS', 'CAMS.NS', 'CASTROLIND.NS', 'CEATLTD.NS', 'CERA.NS', 'COALINDIA.NS', 'COCHINSHIP.NS', 'CUB.NS', 'DABUR.NS', 'DLF.NS', 'EICHERMOT.NS', 'EIDPARRY.NS', 'EMAMILTD.NS', 'FINEORG.NS', 'FLUOROCHEM.NS', 'FSL.NS', 'GLAXO.NS', 'GODREJIND.NS', 'GODREJPROP.NS', 'GRASIM.NS', 'GUJGASLTD.NS', 'HAL.NS', 'HCLTECH.NS', 'HFCL.NS', 'HINDUNILVR.NS', 'ICICIBANK.NS', 'IDEA.NS', 'IEX.NS', 'IGL.NS', 'INDIACEM.NS', 'INDUSTOWER.NS', 'INFY.NS', 'ISEC.NS', 'ITC.NS', 'ITI.NS', 'JAMNAAUTO.NS', 'JBCHEPHARM.NS', 'JKCEMENT.NS', 'JMFINANCIL.NS', 'JSWENERGY.NS', 'KEI.NS', 'KPRMILL.NS', 'LTIM.NS', 'LTTS.NS', 'LUXIND.NS', 'MCDOWELL-N.NS', 'MFSL.NS', 'MGL.NS', 'MINDACORP.NS', 'MRPL.NS', 'NATCOPHARM.NS', 'NESTLEIND.NS', 'NHPC.NS', 'NTPC.NS', 'OBEROIRLTY.NS', 'OLECTRA.NS', 'ORIENTELEC.NS', 'PATANJALI.NS', 'PCBL.NS', 'POLYCAB.NS', 'POLYMED.NS', 'POWERGRID.NS', 'RADICO.NS', 'RAIN.NS', 'RELAXO.NS', 'RELIANCE.NS', 'RITES.NS', 'SBICARD.NS', 'SBILIFE.NS', 'SCHAEFFLER.NS', 'SFL.NS', 'SJVN.NS', 'SOBHA.NS', 'SRF.NS', 'SUNTV.NS', 'SUPRAJIT.NS', 'TANLA.NS', 'TATAINVEST.NS', 'TATAMTRDVR.NS', 'TEAMLEASE.NS', 'TECHM.NS', 'TEJASNET.NS', 'THERMAX.NS', 'TRIDENT.NS', 'TRITURBINE.NS', 'TTML.NS', 'VINATIORGA.NS', 'WHIRLPOOL.NS', 'ZENSARTECH.NS']"
2023-02-01,"['AAVAS.NS', 'ABBOTINDIA.NS', 'ALKEM.NS', 'ALKYLAMINE.NS', 'ANGELONE.NS', 'APOLLOHOSP.NS', 'ASAHIINDIA.NS', 'BBTC.NS', 'BEL.NS', 'BHARTIARTL.NS', 'CASTROLIND.NS', 'CEATLTD.NS', 'CREDITACC.NS', 'CUB.NS', 'DCMSHRIRAM.NS', 'DEEPAKFERT.NS', 'DELTACORP.NS', 'DIVISLAB.NS', 'EIHOTEL.NS', 'EPL.NS', 'FLUOROCHEM.NS', 'GILLETTE.NS', 'GNFC.NS', 'GODREJPROP.NS', 'GRAPHITE.NS', 'GUJGASLTD.NS', 'HAPPSTMNDS.NS', 'HFCL.NS', 'HONAUT.NS', 'IBULHSGFIN.NS', 'ICICIPRULI.NS', 'IDEA.NS', 'INGERRAND.NS', 'IRCTC.NS', 'ISEC.NS', 'JKCEMENT.NS', 'JSWSTEEL.NS', 'JUBLPHARMA.NS', 'KAJARIACER.NS', 'KEC.NS', 'KSB.NS', 'LALPATHLAB.NS', 'LAXMIMACH.NS', 'MAHLIFE.NS', 'MARICO.NS', 'MASTEK.NS', 'MMTC.NS', 'MOTILALOFS.NS', 'NAUKRI.NS', 'NAVINFLUOR.NS', 'OBEROIRLTY.NS', 'OLECTRA.NS', 'PCBL.NS', 'PHOENIXLTD.NS', 'POLYPLEX.NS', 'POWERINDIA.NS', 'PRAJIND.NS', 'RAMCOCEM.NS', 'RBLBANK.NS', 'RENUKA.NS', 'RHIM.NS', 'SAREGAMA.NS', 'SBILIFE.NS', 'SFL.NS', 'SHOPERSTOP.NS', 'SKFINDIA.NS', 'SOLARINDS.NS', 'SPARC.NS', 'SRF.NS', 'SUMICHEM.NS', 'SUNTV.NS', 'SUPRAJIT.NS', 'TATACOMM.NS', 'TATAINVEST.NS', 'THERMAX.NS', 'TIINDIA.NS', 'TITAN.NS', 'TORNTPHARM.NS', 'TORNTPOWER.NS', 'TTKPRESTIG.NS', 'TV18BRDCST.NS', 'UBL.NS', 'UTIAMC.NS', 'VARROC.NS', 'VBL.NS', 'VGUARD.NS', 'VTL.NS', 'WELCORP.NS', 'YESBANK.NS', 'ZEEL.NS']"
2023-03-01,"['AARTIIND.NS', 'ADANIPORTS.NS', 'ALLCARGO.NS', 'ALOKINDS.NS', 'APLLTD.NS', 'ASAHIINDIA.NS', 'AUBANK.NS', 'AXISBANK.NS', 'BAJAJFINSV.NS', 'BALKRISIND.NS', 'BALRAMCHIN.NS', 'BANKBARODA.NS', 'BANKINDIA.NS', 'BHARATFORG.NS', 'BHEL.NS', 'BIOCON.NS', 'BIRLACORPN.NS', 'BLS.NS', 'BPCL.NS', 'BSOFT.NS', 'CANBK.NS', 'CENTRALBK.NS', 'CHOLAHLDNG.NS', 'COCHINSHIP.NS', 'CROMPTON.NS', 'CSBBANK.NS', 'DABUR.NS', 'DEEPAKFERT.NS', 'DEEPAKNTR.NS', 'DELTACORP.NS', 'DIXON.NS', 'EICHERMOT.NS', 'EIDPARRY.NS', 'EIHOTEL.NS', 'EXIDEIND.NS', 'FACT.NS', 'FORTIS.NS', 'GICRE.NS', 'GODREJIND.NS', 'GPIL.NS', 'GRASIM.NS', 'HUDCO.NS', 'IDBI.NS', 'IDEA.NS', 'IDFC.NS', 'IDFCFIRSTB.NS', 'IIFL.NS', 'INFY.NS', 'IOB.NS', 'IOC.NS', 'IRCON.NS', 'IRCTC.NS', 'ISEC.NS', 'JAMNAAUTO.NS', 'JINDALSTEL.NS', 'JMFINANCIL.NS', 'JUSTDIAL.NS', 'KANSAINER.NS', 'KEC.NS', 'L&TFH.NS', 'M&M.NS', 'MAHABANK.NS', 'MFSL.NS', 'MINDACORP.NS', 'MUTHOOTFIN.NS', 'NAM-INDIA.NS', 'NAUKRI.NS', 'NBCC.NS', 'NESTLEIND.NS', 'NETWORK18.NS', 'NHPC.NS', 'NIACL.NS', 'NMDC.NS', 'PIDILITIND.NS', 'PNB.NS', 'RAYMOND.NS', 'REDINGTON.NS', 'RELIANCE.NS', 'SAREGAMA.NS', 'SHRIRAMFIN.NS', 'SJVN.NS', 'SUZLON.NS', 'SWANENERGY.NS', 'TATACOMM.NS', 'TATAINVEST.NS', 'TCS.NS', 'TITAN.NS', 'TV18BRDCST.NS', 'UJJIVANSFB.NS', 'UPL.NS', 'WELSPUNLIV.NS', 'WESTLIFE.NS', 'WHIRLPOOL.NS', 'WIPRO.NS']"
2023-04-01,"['ALLCARGO.NS', 'ALOKINDS.NS', 'BHEL.NS', 'BIOCON.NS', 'BSOFT.NS', 'CASTROLIND.NS', 'CENTRALBK.NS', 'CESC.NS', 'CHAMBLFERT.NS', 'DELTACORP.NS', 'FACT.NS', 'FSL.NS', 'GICRE.NS', 'GSFC.NS', 'HFCL.NS', 'HINDCOPPER.NS', 'HINDZINC.NS', 'HUDCO.NS', 'IBULHSGFIN.NS', 'IDBI.NS', 'INFIBEAM.NS', 'IOB.NS', 'IRB.NS', 'ITI.NS', 'JMFINANCIL.NS', 'L&TFH.NS', 'MAHABANK.NS', 'MOTHERSON.NS', 'NAM-INDIA.NS', 'NETWORK18.NS', 'NIACL.NS', 'PNB.NS', 'RAIN.NS', 'RALLIS.NS', 'RBLBANK.NS', 'RCF.NS', 'RTNINDIA.NS', 'SUZLON.NS', 'SWANENERGY.NS', 'TATASTEEL.NS', 'TRIDENT.NS', 'TTML.NS', 'TV18BRDCST.NS', 'UCOBANK.NS', 'VEDL.NS', 'WELSPUNLIV.NS', 'YESBANK.NS']"
2023-05-01,"['3MINDIA.NS', 'AFFLE.NS', 'AIAENG.NS', 'ATUL.NS', 'BALAMINES.NS', 'BEML.NS', 'BLUEDART.NS', 'GILLETTE.NS', 'GLAXO.NS', 'GMMPFAUDLR.NS', 'GPIL.NS', 'HINDUNILVR.NS', 'HONAUT.NS', 'LTIM.NS', 'MPHASIS.NS', 'PGHL.NS', 'SCHAEFFLER.NS', 'SFL.NS', 'SHREECEM.NS', 'SKFINDIA.NS', 'SWANENERGY.NS', 'TATACHEM.NS', 'TECHM.NS', 'UTIAMC.NS', 'ZEEL.NS']"
2023-06-01,"['AARTIIND.NS', 'ABFRL.NS', 'AEGISCHEM.NS', 'APLAPOLLO.NS', 'ASAHIINDIA.NS', 'ATUL.NS', 'BALAMINES.NS', 'BANKINDIA.NS', 'BOSCHLTD.NS', 'CASTROLIND.NS', 'CHAMBLFERT.NS', 'DRREDDY.NS', 'FEDERALBNK.NS', 'FINCABLES.NS', 'GAEL.NS', 'GAIL.NS', 'GALAXYSURF.NS', 'GILLETTE.NS', 'GPIL.NS', 'GPPL.NS', 'GRANULES.NS', 'GUJALKALI.NS', 'HDFCBANK.NS', 'HINDALCO.NS', 'HINDZINC.NS', 'IPCALAB.NS', 'JAMNAAUTO.NS', 'JSWSTEEL.NS', 'KRBL.NS', 'KSB.NS', 'LT.NS', 'MANAPPURAM.NS', 'NMDC.NS', 'PAGEIND.NS', 'PGHH.NS', 'RAJESHEXPO.NS', 'RALLIS.NS', 'RCF.NS', 'SFL.NS', 'SOLARINDS.NS', 'SUMICHEM.NS', 'SWSOLAR.NS', 'TTKPRESTIG.NS', 'UPL.NS', 'VAIBHAVGBL.NS', 'VEDL.NS', 'VINATIORGA.NS', 'VIPIND.NS', 'ZYDUSWELL.NS']"
2023-07-01,"['AARTIIND.NS', 'ADANIGREEN.NS', 'ALLCARGO.NS', 'AMBUJACEM.NS', 'BALRAMCHIN.NS', 'BANDHANBNK.NS', 'BANKINDIA.NS', 'BORORENEW.NS', 'CANBK.NS', 'CUB.NS', 'DEEPAKFERT.NS', 'GAIL.NS', 'GLAND.NS', 'GMMPFAUDLR.NS', 'GODFRYPHLP.NS', 'GSPL.NS', 'GUJGASLTD.NS', 'HAVELLS.NS', 'HFCL.NS', 'HINDZINC.NS', 'INDIAMART.NS', 'IRB.NS', 'IRCTC.NS', 'JKLAKSHMI.NS', 'KNRCON.NS', 'KOTAKBANK.NS', 'MCX.NS', 'NATIONALUM.NS', 'NAVINFLUOR.NS', 'NBCC.NS', 'PETRONET.NS', 'PFIZER.NS', 'POLYPLEX.NS', 'RAJESHEXPO.NS', 'RATNAMANI.NS', 'RITES.NS', 'SOLARINDS.NS', 'SUNTECK.NS', 'SUNTV.NS', 'SWSOLAR.NS', 'SYMPHONY.NS', 'THERMAX.NS', 'UPL.NS', 'VEDL.NS', 'VINATIORGA.NS', 'VIPIND.NS', 'ZYDUSWELL.NS']"
2023-08-01,"['AARTIIND.NS', 'ALKYLAMINE.NS', 'ALOKINDS.NS', 'AUBANK.NS', 'BLUEDART.NS', 'BRITANNIA.NS', 'CCL.NS', 'DALBHARAT.NS', 'DCMSHRIRAM.NS', 'DEEPAKFERT.NS', 'DELTACORP.NS', 'FINEORG.NS', 'HFCL.NS', 'HINDUNILVR.NS', 'IEX.NS', 'IGL.NS', 'M&MFIN.NS', 'NAVINFLUOR.NS', 'NETWORK18.NS', 'ORIENTELEC.NS', 'POWERINDIA.NS', 'RAJESHEXPO.NS', 'SRF.NS', 'SWANENERGY.NS', 'SYMPHONY.NS', 'TATAELXSI.NS', 'TRIDENT.NS']"
2023-09-01,"['ADANIGREEN.NS', 'ALKEM.NS', 'ALLCARGO.NS', 'AMBUJACEM.NS', 'APOLLOHOSP.NS', 'APOLLOTYRE.NS', 'ATGL.NS', 'BALKRISIND.NS', 'BANKBARODA.NS', 'BLUEDART.NS', 'BORORENEW.NS', 'CUB.NS', 'CUMMINSIND.NS', 'EPL.NS', 'GODREJCP.NS', 'GUJGASLTD.NS', 'HDFCBANK.NS', 'HINDUNILVR.NS', 'HONAUT.NS', 'INDIGO.NS', 'ITC.NS', 'KOTAKBANK.NS', 'LALPATHLAB.NS', 'PETRONET.NS', 'PGHL.NS', 'RAJESHEXPO.NS', 'REDINGTON.NS', 'RELIANCE.NS', 'SBICARD.NS', 'SBIN.NS', 'SHOPERSTOP.NS', 'TANLA.NS', 'TORNTPHARM.NS', 'UPL.NS']"
2023-10-01,"['AARTIDRUGS.NS', 'ADANIENT.NS', 'AMBUJACEM.NS', 'ASHOKLEY.NS', 'AUBANK.NS', 'BERGEPAINT.NS', 'BLS.NS', 'BORORENEW.NS', 'BPCL.NS', 'BRIGADE.NS', 'CASTROLIND.NS', 'CENTURYPLY.NS', 'CIEINDIA.NS', 'CREDITACC.NS', 'CUMMINSIND.NS', 'DABUR.NS', 'EIHOTEL.NS', 'GODREJCP.NS', 'GODREJPROP.NS', 'GRINDWELL.NS', 'HINDPETRO.NS', 'HINDZINC.NS', 'ICICIBANK.NS', 'ICICIGI.NS', 'INDIGO.NS', 'INGERRAND.NS', 'JBMA.NS', 'JKLAKSHMI.NS', 'JSWSTEEL.NS', 'JUSTDIAL.NS', 'KANSAINER.NS', 'MARICO.NS', 'ORIENTELEC.NS', 'PATANJALI.NS', 'POLYPLEX.NS', 'POONAWALLA.NS', 'QUESS.NS', 'RADICO.NS', 'RAJESHEXPO.NS', 'REDINGTON.NS', 'RELAXO.NS', 'ROSSARI.NS', 'SAREGAMA.NS', 'SIEMENS.NS', 'SYMPHONY.NS', 'TIINDIA.NS', 'VTL.NS', 'WIPRO.NS']"
2023-11-01,"['3MINDIA.NS', 'ABBOTINDIA.NS', 'ACC.NS', 'ADANIENT.NS', 'ADANIGREEN.NS', 'ADANIPORTS.NS', 'AFFLE.NS', 'APLAPOLLO.NS', 'APOLLOHOSP.NS', 'ASTRAL.NS', 'AUROPHARMA.NS', 'AVANTIFEED.NS', 'BAJFINANCE.NS', 'BAYERCROP.NS', 'BDL.NS', 'BHARATFORG.NS', 'BORORENEW.NS', 'CEATLTD.NS', 'CENTURYPLY.NS', 'CGPOWER.NS', 'CHOLAFIN.NS', 'COFORGE.NS', 'CONCOR.NS', 'CUMMINSIND.NS', 'CYIENT.NS', 'DABUR.NS', 'DALBHARAT.NS', 'DMART.NS', 'DRREDDY.NS', 'EICHERMOT.NS', 'FLUOROCHEM.NS', 'GESHIP.NS', 'GLAND.NS', 'GLENMARK.NS', 'HDFCLIFE.NS', 'HEG.NS', 'HINDUNILVR.NS', 'ICICIPRULI.NS', 'INGERRAND.NS', 'JUBLFOOD.NS', 'JUBLPHARMA.NS', 'KAJARIACER.NS', 'KANSAINER.NS', 'LTIM.NS', 'LUXIND.NS', 'MARICO.NS', 'MASTEK.NS', 'METROPOLIS.NS', 'MGL.NS', 'NATCOPHARM.NS', 'NAUKRI.NS', 'NH.NS', 'OFSS.NS', 'PAGEIND.NS', 'PEL.NS', 'PIIND.NS', 'POLYCAB.NS', 'POWERINDIA.NS', 'RAJESHEXPO.NS', 'RAYMOND.NS', 'RELIANCE.NS', 'RHIM.NS', 'RITES.NS', 'SFL.NS', 'SRF.NS', 'SUNPHARMA.NS', 'TANLA.NS', 'TATACOMM.NS', 'TATAPOWER.NS', 'TCS.NS', 'UNOMINDA.NS', 'UTIAMC.NS', 'VEDL.NS', 'ZENSARTECH.NS', 'ZYDUSWELL.NS']"
2023-12-01,"['AAVAS.NS', 'ABCAPITAL.NS', 'ALKYLAMINE.NS', 'AVANTIFEED.NS', 'BAJFINANCE.NS', 'BALAMINES.NS', 'CHOLAFIN.NS', 'GODFRYPHLP.NS', 'HONAUT.NS', 'INDIAMART.NS', 'INDIANB.NS', 'JKPAPER.NS', 'KEC.NS', 'KRBL.NS', 'LAXMIMACH.NS', 'LINDEINDIA.NS', 'LUXIND.NS', 'MMTC.NS', 'PAGEIND.NS', 'PEL.NS', 'PETRONET.NS', 'PGHH.NS', 'RAIN.NS', 'ROSSARI.NS', 'SBICARD.NS', 'SHARDACROP.NS', 'TANLA.NS', 'TIMKEN.NS', 'VIPIND.NS', 'VMART.NS', 'WHIRLPOOL.NS']"
2024-01-01,"['CARBORUNIV.NS', 'CIEINDIA.NS', 'CREDITACC.NS', 'HDFCLIFE.NS', 'IIFL.NS', 'JINDALSAW.NS', 'KAJARIACER.NS', 'KEC.NS', 'KNRCON.NS', 'LINDEINDIA.NS', 'MHRIL.NS', 'RAJESHEXPO.NS', 'RENUKA.NS', 'SKFINDIA.NS', 'STLTECH.NS', 'SUNTECK.NS', 'SYNGENE.NS', 'TRIVENI.NS', 'USHAMART.NS', 'VAIBHAVGBL.NS', 'VIPIND.NS', 'WELSPUNLIV.NS', 'WESTLIFE.NS']"
2024-02-01,"['AAVAS.NS', 'ALKYLAMINE.NS', 'APLAPOLLO.NS', 'AXISBANK.NS', 'BAJAJFINSV.NS', 'BALAMINES.NS', 'BALKRISIND.NS', 'BANDHANBNK.NS', 'BCG.NS', 'BERGEPAINT.NS', 'CDSL.NS', 'CREDITACC.NS', 'CRISIL.NS', 'CROMPTON.NS', 'CSBBANK.NS', 'CUB.NS', 'CYIENT.NS', 'DEEPAKFERT.NS', 'DEEPAKNTR.NS', 'DELTACORP.NS', 'DIXON.NS', 'EICHERMOT.NS', 'EMAMILTD.NS', 'EPL.NS', 'FEDERALBNK.NS', 'HAPPSTMNDS.NS', 'HAVELLS.NS', 'HEG.NS', 'HINDUNILVR.NS', 'IDFC.NS', 'IDFCFIRSTB.NS', 'INDIAMART.NS', 'INDUSINDBK.NS', 'KPRMILL.NS', 'MARUTI.NS', 'MFSL.NS', 'PEL.NS', 'PIDILITIND.NS', 'PNBHOUSING.NS', 'POLYMED.NS', 'RAJESHEXPO.NS', 'RATNAMANI.NS', 'RAYMOND.NS', 'RBLBANK.NS', 'RHIM.NS', 'ROUTE.NS', 'SAREGAMA.NS', 'SFL.NS', 'SOLARINDS.NS', 'STLTECH.NS', 'SUMICHEM.NS', 'SUNDRMFAST.NS', 'SUNTV.NS', 'TANLA.NS', 'TATACHEM.NS', 'TEAMLEASE.NS', 'TRIVENI.NS', 'UJJIVANSFB.NS', 'WESTLIFE.NS']"
