Date,Stocks,Number_of_Stocks
01-04-2017,"APOLLOHOSP.NS, BAYERCROP.NS, CRISIL.NS, FDC.NS, GLENMARK.NS, NAUKRI.NS, ONGC.NS, PERSISTENT.NS, SWANENERGY.NS, TANLA.NS, TECHM.NS",11
01-05-2017,"ABBOTINDIA.NS, AJANTPHARM.NS, AUROPHARMA.NS, CIPLA.NS, DIVISLAB.NS, DRREDDY.NS, ECLERX.NS, INFY.NS, LUPIN.NS, MCDOWELL-N.NS, MPHASIS.NS, PFIZER.NS, SANOFI.NS, SUNPHARMA.NS, TCS.NS, TECHM.NS",16
01-06-2017,"ADANIPOWER.NS, BSOFT.NS, CIPLA.NS, COALINDIA.NS, CYIENT.NS, GUJALKALI.NS, IDFCFIRSTB.NS, INFIBEAM.NS, INGERRAND.NS, IPCALAB.NS, JUBLFOOD.NS, JUSTDIAL.NS, LUPIN.NS, MAHABANK.NS, MMTC.NS, OLECTRA.NS, PFC.NS, PFIZER.NS, POLYMED.NS, RENUKA.NS, SONATSOFTW.NS, SWANENERGY.NS, SYMPHONY.NS, TATAELXSI.NS, TECHM.NS, TORNTPHARM.NS, TORNTPOWER.NS, TRIVENI.NS, TV18BRDCST.NS, WELSPUNLIV.NS",30
01-07-2017,"BHEL.NS, BLUESTARCO.NS, BPCL.NS, FORTIS.NS, GAIL.NS, GLENMARK.NS, GUJALKALI.NS, HFCL.NS, IDFC.NS, IOB.NS, IOC.NS, IRB.NS, JBCHEPHARM.NS, JKPAPER.NS, MAHABANK.NS, NMDC.NS, PATANJALI.NS, PFC.NS, PNB.NS, PRAJIND.NS, RCF.NS, RECLTD.NS, RENUKA.NS, TANLA.NS, TORNTPOWER.NS, TRIDENT.NS, UCOBANK.NS",27
01-08-2017,"BALAMINES.NS, BLUEDART.NS, COFORGE.NS, CRISIL.NS, FACT.NS, FINCABLES.NS, FORTIS.NS, GAEL.NS, GLAXO.NS, GODFRYPHLP.NS, IOC.NS, ITC.NS, JBCHEPHARM.NS, LICHSGFIN.NS, PETRONET.NS, PIIND.NS, RECLTD.NS, SUNPHARMA.NS, SUNTV.NS, TATAMTRDVR.NS, UCOBANK.NS, VIPIND.NS, ZENSARTECH.NS",23
01-09-2017,"ABB.NS, ABBOTINDIA.NS, AIAENG.NS, BOSCHLTD.NS, EXIDEIND.NS, GLENMARK.NS, GODFRYPHLP.NS, LUPIN.NS, M&M.NS, MRF.NS, OFSS.NS, PATANJALI.NS, SKFINDIA.NS, SUNTV.NS",14
01-10-2017,"ADANIENT.NS, BANKBARODA.NS, BANKINDIA.NS, CARBORUNIV.NS, CENTRALBK.NS, DLF.NS, ENGINERSIN.NS, GRANULES.NS, HINDCOPPER.NS, ICICIBANK.NS, IDBI.NS, IDEA.NS, INDIANB.NS, IOB.NS, LINDEINDIA.NS, NETWORK18.NS, NMDC.NS, PGHL.NS, PRSMJOHNSN.NS, RECLTD.NS, SONATSOFTW.NS, SUZLON.NS, TANLA.NS, TTML.NS, UCOBANK.NS, UNIONBANK.NS, UPL.NS, WELSPUNLIV.NS, ZENSARTECH.NS",29
01-11-2017,"CANFINHOME.NS, LICHSGFIN.NS, PIDILITIND.NS, YESBANK.NS",4
01-12-2017,"ACC.NS, AMBUJACEM.NS, BCG.NS, GLENMARK.NS, HINDALCO.NS, INDIGO.NS, KARURVYSYA.NS, L&TFH.NS, LICHSGFIN.NS, SJVN.NS, SUZLON.NS, TRIVENI.NS, USHAMART.NS, VEDL.NS, YESBANK.NS",15
01-01-2018,"BALRAMCHIN.NS, CENTRALBK.NS, MCX.NS",3
01-02-2018,"ACC.NS, AEGISCHEM.NS, APARINDS.NS, ASIANPAINT.NS, AUROPHARMA.NS, BAJAJFINSV.NS, BALRAMCHIN.NS, BATAINDIA.NS, BBTC.NS, BEML.NS, BOSCHLTD.NS, CARBORUNIV.NS, CERA.NS, CGCL.NS, DRREDDY.NS, EICHERMOT.NS, ENDURANCE.NS, FEDERALBNK.NS, HONAUT.NS, INGERRAND.NS, ITI.NS, JBMA.NS, JKLAKSHMI.NS, KPRMILL.NS, LICHSGFIN.NS, MCDOWELL-N.NS, MGL.NS, MHRIL.NS, MOTILALOFS.NS, MUTHOOTFIN.NS, NESTLEIND.NS, NH.NS, NTPC.NS, PAGEIND.NS, PATANJALI.NS, PIIND.NS, POLYMED.NS, POLYPLEX.NS, POWERGRID.NS, SHREECEM.NS, SRF.NS, TATACOMM.NS, TATAMOTORS.NS, TATAMTRDVR.NS, TVSMOTOR.NS",45
01-03-2018,"ADANIPOWER.NS, BAJAJ-AUTO.NS, BANKBARODA.NS, BCG.NS, BEML.NS, BLUEDART.NS, BOSCHLTD.NS, BPCL.NS, CANBK.NS, CARBORUNIV.NS, CENTRALBK.NS, CGCL.NS, COLPAL.NS, CUMMINSIND.NS, DABUR.NS, DEEPAKFERT.NS, EIDPARRY.NS, EMAMILTD.NS, GESHIP.NS, GLAXO.NS, GODFRYPHLP.NS, HINDCOPPER.NS, IDFCFIRSTB.NS, INGERRAND.NS, JBMA.NS, JKCEMENT.NS, JYOTHYLAB.NS, KARURVYSYA.NS, KRBL.NS, LICHSGFIN.NS, MFSL.NS, MOTHERSON.NS, MOTILALOFS.NS, NATCOPHARM.NS, NLCINDIA.NS, PFC.NS, PNBHOUSING.NS, PNCINFRA.NS, PRAJIND.NS, SBIN.NS, SHREECEM.NS, SIEMENS.NS, SOLARINDS.NS, SUZLON.NS, TATAMOTORS.NS, TATAMTRDVR.NS, TATAPOWER.NS, TIMKEN.NS, TRIDENT.NS, TTKPRESTIG.NS",50
01-04-2018,"AARTIDRUGS.NS, ACC.NS, ADANIPORTS.NS, ALKEM.NS, AUROPHARMA.NS, BAJAJ-AUTO.NS, BANKINDIA.NS, BBTC.NS, BEL.NS, BEML.NS, BHEL.NS, BIRLACORPN.NS, CIPLA.NS, DCMSHRIRAM.NS, DEEPAKFERT.NS, DELTACORP.NS, DLF.NS, ECLERX.NS, EPL.NS, FORTIS.NS, GNFC.NS, GRANULES.NS, GRASIM.NS, GSFC.NS, HINDCOPPER.NS, ICICIBANK.NS, IDEA.NS, IDFCFIRSTB.NS, IGL.NS, JBMA.NS, JSL.NS, JSWENERGY.NS, KPRMILL.NS, KRBL.NS, LINDEINDIA.NS, LUPIN.NS, MCX.NS, NH.NS, PERSISTENT.NS, PFC.NS, PNB.NS, RATNAMANI.NS, SIEMENS.NS, SPARC.NS, SUZLON.NS, TATAINVEST.NS, TATAMOTORS.NS, TATAPOWER.NS, TATASTEEL.NS, TIMKEN.NS, TORNTPHARM.NS, TORNTPOWER.NS, TRITURBINE.NS, UBL.NS, UNIONBANK.NS, VTL.NS, WELCORP.NS, WELSPUNLIV.NS",58
01-05-2018,"BALRAMCHIN.NS, BEL.NS, BLUEDART.NS, CANFINHOME.NS, COROMANDEL.NS, GSPL.NS, HINDPETRO.NS, INDUSTOWER.NS, MAHABANK.NS, MGL.NS, MOTILALOFS.NS, RAIN.NS, RAJESHEXPO.NS, TIMKEN.NS, TTKPRESTIG.NS",15
01-06-2018,"AARTIDRUGS.NS, ACC.NS, ADANIPOWER.NS, ALLCARGO.NS, ALOKINDS.NS, APARINDS.NS, APLAPOLLO.NS, APOLLOHOSP.NS, BEL.NS, BEML.NS, BHARATFORG.NS, BLUESTARCO.NS, CEATLTD.NS, CENTURYPLY.NS, CERA.NS, CIPLA.NS, CUMMINSIND.NS, DCMSHRIRAM.NS, DIVISLAB.NS, EIDPARRY.NS, FINPIPE.NS, GAEL.NS, GODFRYPHLP.NS, IDFCFIRSTB.NS, INDUSTOWER.NS, IOB.NS, KEC.NS, KPRMILL.NS, LICHSGFIN.NS, MGL.NS, MUTHOOTFIN.NS, NAVINFLUOR.NS, NBCC.NS, NETWORK18.NS, POLYMED.NS, RAIN.NS, RAJESHEXPO.NS, RTNINDIA.NS, SUZLON.NS, SYMPHONY.NS, TANLA.NS, TATAMTRDVR.NS, VEDL.NS, VOLTAS.NS, WIPRO.NS",45
01-07-2018,"ADANIENT.NS, AJANTPHARM.NS, ALLCARGO.NS, APOLLOTYRE.NS, BALKRISIND.NS, BANKINDIA.NS, BEL.NS, BHEL.NS, CANFINHOME.NS, CARBORUNIV.NS, CASTROLIND.NS, CENTURYPLY.NS, CENTURYTEX.NS, CESC.NS, CGCL.NS, CHAMBLFERT.NS, CHOLAHLDNG.NS, COROMANDEL.NS, DEEPAKFERT.NS, DLF.NS, ENGINERSIN.NS, EPL.NS, FINPIPE.NS, GILLETTE.NS, GMRINFRA.NS, GNFC.NS, GSFC.NS, HEROMOTOCO.NS, HINDCOPPER.NS, HINDZINC.NS, ICICIPRULI.NS, IDFC.NS, IDFCFIRSTB.NS, INDIGO.NS, IOC.NS, IRB.NS, ITI.NS, JBCHEPHARM.NS, JINDALSAW.NS, JMFINANCIL.NS, JSL.NS, JSWENERGY.NS, JUBLPHARMA.NS, L&TFH.NS, LICHSGFIN.NS, MAHABANK.NS, MANAPPURAM.NS, MFSL.NS, MOTHERSON.NS, NCC.NS, ONGC.NS, PNB.NS, PRAJIND.NS, RAIN.NS, RAJESHEXPO.NS, RAMCOCEM.NS, RAYMOND.NS, RECLTD.NS, RTNINDIA.NS, SAREGAMA.NS, SJVN.NS, SKFINDIA.NS, SRF.NS, STLTECH.NS, SUNDARMFIN.NS, SUNTECK.NS, TATAPOWER.NS, TTML.NS, TVSMOTOR.NS, UNIONBANK.NS, VEDL.NS, WELCORP.NS",72
01-08-2018,"APARINDS.NS, APLAPOLLO.NS, ASHOKLEY.NS, BRIGADE.NS, EPL.NS, JKCEMENT.NS, JSL.NS, KAJARIACER.NS, QUESS.NS, RAJESHEXPO.NS, RATNAMANI.NS, RAYMOND.NS, SAREGAMA.NS, SJVN.NS, SUNDARMFIN.NS, TATAMTRDVR.NS, TVSMOTOR.NS, ZFCVINDIA.NS",18
01-09-2018,"AEGISCHEM.NS, APOLLOTYRE.NS, BSE.NS, CENTURYPLY.NS, HINDPETRO.NS, IDEA.NS, INDIGO.NS, LAXMIMACH.NS, LINDEINDIA.NS, LUXIND.NS, OBEROIRLTY.NS, PRESTIGE.NS, QUESS.NS, SAREGAMA.NS, SYMPHONY.NS, TATACOMM.NS, YESBANK.NS, ZEEL.NS",18
01-10-2018,"3MINDIA.NS, AARTIIND.NS, ADANIPOWER.NS, AEGISCHEM.NS, ALLCARGO.NS, ASTRAL.NS, AVANTIFEED.NS, BAJAJFINSV.NS, BHARTIARTL.NS, BIRLACORPN.NS, BLS.NS, CENTURYTEX.NS, CHOLAHLDNG.NS, COFORGE.NS, DELTACORP.NS, DLF.NS, EMAMILTD.NS, EPL.NS, FDC.NS, FSL.NS, GAEL.NS, GLAXO.NS, GNFC.NS, GODREJCP.NS, GODREJPROP.NS, GPPL.NS, GRAPHITE.NS, HFCL.NS, ICICIPRULI.NS, IGL.NS, INDIGO.NS, INTELLECT.NS, IOB.NS, IPCALAB.NS, JINDALSAW.NS, JSL.NS, JSWENERGY.NS, JUSTDIAL.NS, KOTAKBANK.NS, KPRMILL.NS, KRBL.NS, LUXIND.NS, M&M.NS, M&MFIN.NS, MAHLIFE.NS, MASTEK.NS, MCX.NS, MFSL.NS, MOTHERSON.NS, NATIONALUM.NS, NHPC.NS, NLCINDIA.NS, OBEROIRLTY.NS, PATANJALI.NS, PCBL.NS, PHOENIXLTD.NS, PNCINFRA.NS, QUESS.NS, RADICO.NS, RAIN.NS, RBLBANK.NS, RCF.NS, SAIL.NS, SHARDACROP.NS, SHOPERSTOP.NS, SHRIRAMFIN.NS, SOBHA.NS, SOLARINDS.NS, SPARC.NS, SRF.NS, STLTECH.NS, SUNDRMFAST.NS, SUNTECK.NS, TATACOMM.NS, TRENT.NS, TTML.NS, UCOBANK.NS, VOLTAS.NS, WELCORP.NS, ZYDUSWELL.NS",80
01-11-2018,"3MINDIA.NS, ACC.NS, ALKEM.NS, APARINDS.NS, APLAPOLLO.NS, ASAHIINDIA.NS, BAYERCROP.NS, BHARTIARTL.NS, BIRLACORPN.NS, BLUEDART.NS, CESC.NS, CHOLAHLDNG.NS, CRISIL.NS, CYIENT.NS, EICHERMOT.NS, GODREJIND.NS, GPIL.NS, GRASIM.NS, HDFCBANK.NS, HEROMOTOCO.NS, INDUSINDBK.NS, JKLAKSHMI.NS, JUBLFOOD.NS, KANSAINER.NS, LALPATHLAB.NS, LAXMIMACH.NS, MARUTI.NS, MPHASIS.NS, OFSS.NS, PATANJALI.NS, PNBHOUSING.NS, QUESS.NS, RAJESHEXPO.NS, REDINGTON.NS, RTNINDIA.NS, SANOFI.NS, SFL.NS, SHREECEM.NS, SPARC.NS, SUNTECK.NS, SYMPHONY.NS, TATAINVEST.NS, TATAMOTORS.NS, ULTRACEMCO.NS, UNOMINDA.NS, YESBANK.NS, ZYDUSWELL.NS",47
01-12-2018,"ASAHIINDIA.NS, AVANTIFEED.NS, BSE.NS, COALINDIA.NS, CYIENT.NS, DEEPAKFERT.NS, DIXON.NS, FDC.NS, GPIL.NS, HFCL.NS, INFIBEAM.NS, JINDALSTEL.NS, JSWSTEEL.NS, KRBL.NS, MAHLIFE.NS, MHRIL.NS, NBCC.NS, NETWORK18.NS, NMDC.NS, OIL.NS, ONGC.NS, QUESS.NS, RAIN.NS, RALLIS.NS, RECLTD.NS, RENUKA.NS, SHARDACROP.NS, SPARC.NS, SUNDRMFAST.NS, SUNPHARMA.NS, SUPRAJIT.NS, SUZLON.NS, SYNGENE.NS, TATAMOTORS.NS, TATAMTRDVR.NS, TEJASNET.NS, YESBANK.NS",37
01-01-2019,"FSL.NS, JSL.NS, KRBL.NS, NH.NS, RENUKA.NS",5
01-02-2019,"ADANIENT.NS, AEGISCHEM.NS, BSOFT.NS, CDSL.NS, CENTRALBK.NS, CENTURYPLY.NS, CGPOWER.NS, COALINDIA.NS, FDC.NS, GMRINFRA.NS, GPPL.NS, GSFC.NS, HINDCOPPER.NS, IDBI.NS, INFIBEAM.NS, IOB.NS, JAMNAAUTO.NS, JINDALSTEL.NS, JKPAPER.NS, JMFINANCIL.NS, KPRMILL.NS, MMTC.NS, MOTHERSON.NS, MRPL.NS, NATIONALUM.NS, NETWORK18.NS, NIACL.NS, OIL.NS, POONAWALLA.NS, RENUKA.NS, SAIL.NS, SJVN.NS, TRIVENI.NS, TTML.NS, TV18BRDCST.NS, VAIBHAVGBL.NS",36
01-03-2019,"BANKBARODA.NS, BIRLACORPN.NS, BSOFT.NS, CONCOR.NS, FACT.NS, FINPIPE.NS, GESHIP.NS, GICRE.NS, GNFC.NS, GSFC.NS, GSPL.NS, GUJALKALI.NS, IDBI.NS, IEX.NS, IIFL.NS, KSB.NS, LAURUSLABS.NS, LUXIND.NS, MARICO.NS, MCX.NS, MOTILALOFS.NS, NATIONALUM.NS, NETWORK18.NS, NLCINDIA.NS, PNCINFRA.NS, POLYMED.NS, RADICO.NS, RAIN.NS, RALLIS.NS, RCF.NS, RTNINDIA.NS, SHOPERSTOP.NS, SJVN.NS, SOLARINDS.NS, TATAPOWER.NS, THERMAX.NS, TVSMOTOR.NS, VAIBHAVGBL.NS, VINATIORGA.NS, VIPIND.NS, ZENSARTECH.NS",41
01-04-2019,"ABBOTINDIA.NS, ALKEM.NS, BIOCON.NS, BOSCHLTD.NS, CEATLTD.NS, CIPLA.NS, CRISIL.NS, DABUR.NS, ENDURANCE.NS, GPIL.NS, HINDUNILVR.NS, KSB.NS, LINDEINDIA.NS, M&M.NS, MAHLIFE.NS, MARICO.NS, MARUTI.NS, MRF.NS, SANOFI.NS, SFL.NS, TATAINVEST.NS, THERMAX.NS, TVSMOTOR.NS, WIPRO.NS",24
01-05-2019,"3MINDIA.NS, ALKEM.NS, ASAHIINDIA.NS, ASTERDM.NS, BAJAJHLDNG.NS, BAYERCROP.NS, BEML.NS, BIOCON.NS, BRITANNIA.NS, CARBORUNIV.NS, CCL.NS, CEATLTD.NS, CONCOR.NS, CYIENT.NS, DABUR.NS, DMART.NS, GLAXO.NS, GODREJCP.NS, GPIL.NS, HEROMOTOCO.NS, IBULHSGFIN.NS, JUBLPHARMA.NS, L&TFH.NS, LAXMIMACH.NS, M&M.NS, MARUTI.NS, NATCOPHARM.NS, NH.NS, PEL.NS, PGHH.NS, PHOENIXLTD.NS, SHRIRAMFIN.NS, SPARC.NS, SUNDARMFIN.NS, TATACHEM.NS, TATACOMM.NS, TIMKEN.NS, WHIRLPOOL.NS",38
01-06-2019,"AUROPHARMA.NS, BALKRISIND.NS, BLUEDART.NS, ECLERX.NS, EMAMILTD.NS, ESCORTS.NS, GLAXO.NS, GLENMARK.NS, GODFRYPHLP.NS, HINDZINC.NS, MOTHERSON.NS, NIACL.NS, PAGEIND.NS, PERSISTENT.NS, TORNTPHARM.NS, YESBANK.NS",16
01-07-2019,"AARTIDRUGS.NS, APARINDS.NS, AUROPHARMA.NS, BLS.NS, CGPOWER.NS, CHOLAHLDNG.NS, DELTACORP.NS, EMAMILTD.NS, ESCORTS.NS, GSFC.NS, HFCL.NS, IDEA.NS, IDFC.NS, IRB.NS, JBMA.NS, JINDALSTEL.NS, JKPAPER.NS, JMFINANCIL.NS, KARURVYSYA.NS, KRBL.NS, L&TFH.NS, LAURUSLABS.NS, NETWORK18.NS, PATANJALI.NS, PCBL.NS, RAYMOND.NS, RENUKA.NS, RTNINDIA.NS, SHARDACROP.NS, TATACOMM.NS, TECHM.NS, TV18BRDCST.NS, TVSMOTOR.NS, YESBANK.NS",34
01-08-2019,"ABB.NS, ABCAPITAL.NS, ABFRL.NS, AJANTPHARM.NS, ALOKINDS.NS, APLAPOLLO.NS, APOLLOTYRE.NS, ASAHIINDIA.NS, BAJAJ-AUTO.NS, BAJAJFINSV.NS, BALKRISIND.NS, BIOCON.NS, BLUESTARCO.NS, BRITANNIA.NS, CANBK.NS, CASTROLIND.NS, CERA.NS, CHOLAHLDNG.NS, COCHINSHIP.NS, CONCOR.NS, COROMANDEL.NS, CRISIL.NS, CUB.NS, CYIENT.NS, EICHERMOT.NS, ELGIEQUIP.NS, ENDURANCE.NS, ESCORTS.NS, EXIDEIND.NS, FDC.NS, FEDERALBNK.NS, GLENMARK.NS, GPIL.NS, GRASIM.NS, HDFCBANK.NS, IBULHSGFIN.NS, INDUSTOWER.NS, JKPAPER.NS, JUBLPHARMA.NS, KSB.NS, LUXIND.NS, MANAPPURAM.NS, NLCINDIA.NS, PAGEIND.NS, PFC.NS, PFIZER.NS, PNBHOUSING.NS, POLYPLEX.NS, PRAJIND.NS, QUESS.NS, RAMCOCEM.NS, RAYMOND.NS, SCHAEFFLER.NS, SUNTECK.NS, SUPRAJIT.NS, TATAMOTORS.NS, TIINDIA.NS, TITAN.NS, TV18BRDCST.NS, TVSMOTOR.NS, VINATIORGA.NS",61
01-09-2019,"ALLCARGO.NS, ALOKINDS.NS, BANKBARODA.NS, BANKINDIA.NS, BHARATFORG.NS, BHEL.NS, CIEINDIA.NS, COALINDIA.NS, DEEPAKFERT.NS, FEDERALBNK.NS, GNFC.NS, GODREJIND.NS, GUJALKALI.NS, IDEA.NS, INDIACEM.NS, INTELLECT.NS, IOC.NS, IRB.NS, JAMNAAUTO.NS, JBMA.NS, JINDALSTEL.NS, JYOTHYLAB.NS, KARURVYSYA.NS, LEMONTREE.NS, LICHSGFIN.NS, MASTEK.NS, MRPL.NS, NBCC.NS, NCC.NS, NMDC.NS, OLECTRA.NS, ONGC.NS, PNBHOUSING.NS, RAYMOND.NS, RCF.NS, RENUKA.NS, RTNINDIA.NS, SBIN.NS, STLTECH.NS, SUZLON.NS, TATAMOTORS.NS, TATAMTRDVR.NS, TATASTEEL.NS, TTML.NS, UNIONBANK.NS, YESBANK.NS",46
01-10-2019,"CANBK.NS, ECLERX.NS, IOB.NS, L&TFH.NS, LICHSGFIN.NS, MAHABANK.NS, PATANJALI.NS, PEL.NS, PNBHOUSING.NS, RECLTD.NS, RENUKA.NS, SAREGAMA.NS, SPARC.NS, UNIONBANK.NS, ZEEL.NS",15
01-11-2019,"AUROPHARMA.NS, BCG.NS, CCL.NS, IBULHSGFIN.NS, IDEA.NS, INDIGO.NS, RTNINDIA.NS, SOBHA.NS, TEJASNET.NS",9
01-12-2019,"ALLCARGO.NS, APARINDS.NS, BEL.NS, CCL.NS, CENTURYTEX.NS, CHAMBLFERT.NS, CUMMINSIND.NS, ELGIEQUIP.NS, FSL.NS, GILLETTE.NS, GRINDWELL.NS, HEROMOTOCO.NS, INDIGO.NS, INTELLECT.NS, LT.NS, M&M.NS, MAHLIFE.NS, OFSS.NS, PATANJALI.NS, PRSMJOHNSN.NS, SIEMENS.NS, SUZLON.NS, SYMPHONY.NS, TEAMLEASE.NS, TRITURBINE.NS, TTKPRESTIG.NS, WIPRO.NS, ZYDUSWELL.NS",28
01-01-2020,"ABB.NS, BHEL.NS, CENTRALBK.NS, CGPOWER.NS, EIHOTEL.NS, GILLETTE.NS, GNFC.NS, HINDUNILVR.NS, INDIACEM.NS, INDIGO.NS, PATANJALI.NS, PEL.NS, PNBHOUSING.NS, PRSMJOHNSN.NS, SHARDACROP.NS, SUNTV.NS, TTML.NS, VGUARD.NS, VMART.NS, WELSPUNLIV.NS, YESBANK.NS, ZENSARTECH.NS",22
01-02-2020,"BEL.NS, BOSCHLTD.NS, CIPLA.NS, COALINDIA.NS, COLPAL.NS, ENGINERSIN.NS, GILLETTE.NS, GLENMARK.NS, HAVELLS.NS, HINDALCO.NS, HINDPETRO.NS, HINDZINC.NS, INDUSINDBK.NS, IOC.NS, JSWENERGY.NS, KARURVYSYA.NS, MARICO.NS, OIL.NS, ONGC.NS, RELIANCE.NS, SHRIRAMFIN.NS, UNIONBANK.NS, UPL.NS, VEDL.NS, WELSPUNLIV.NS",25
01-03-2020,"3MINDIA.NS, ABB.NS, ADANIPORTS.NS, APOLLOTYRE.NS, ASHOKLEY.NS, ATGL.NS, AVANTIFEED.NS, BAJAJ-AUTO.NS, BALRAMCHIN.NS, BATAINDIA.NS, BHARATFORG.NS, BPCL.NS, BRITANNIA.NS, BSE.NS, CESC.NS, CHAMBLFERT.NS, COALINDIA.NS, COLPAL.NS, CONCOR.NS, CRISIL.NS, CUB.NS, DALBHARAT.NS, DCMSHRIRAM.NS, DEEPAKFERT.NS, DIXON.NS, DLF.NS, ECLERX.NS, EIDPARRY.NS, GAIL.NS, GLAXO.NS, GLENMARK.NS, GPIL.NS, GRASIM.NS, GUJALKALI.NS, HCLTECH.NS, HDFCBANK.NS, HDFCLIFE.NS, HEG.NS, HEROMOTOCO.NS, ICICIBANK.NS, ICICIGI.NS, IDFCFIRSTB.NS, INDUSINDBK.NS, IOC.NS, ITI.NS, JSWSTEEL.NS, JUSTDIAL.NS, KPRMILL.NS, MAHLIFE.NS, MARICO.NS, MARUTI.NS, MGL.NS, MHRIL.NS, NBCC.NS, NHPC.NS, NMDC.NS, NTPC.NS, OFSS.NS, OIL.NS, PAGEIND.NS, PCBL.NS, PEL.NS, PETRONET.NS, PNBHOUSING.NS, PNCINFRA.NS, PRAJIND.NS, PRESTIGE.NS, QUESS.NS, RECLTD.NS, RELIANCE.NS, RENUKA.NS, SHOPERSTOP.NS, SIEMENS.NS, SKFINDIA.NS, SUNPHARMA.NS, SUNTECK.NS, SUNTV.NS, TATACOMM.NS, TATASTEEL.NS, TCS.NS, TECHM.NS, THERMAX.NS, TRIVENI.NS, UPL.NS, VARROC.NS, VIPIND.NS",86
01-04-2020,"ADANIENT.NS, ADANIPOWER.NS, ALLCARGO.NS, APLAPOLLO.NS, ASHOKLEY.NS, ATGL.NS, BANKBARODA.NS, CENTRALBK.NS, CENTURYPLY.NS, CENTURYTEX.NS, CGPOWER.NS, FSL.NS, GPIL.NS, HINDCOPPER.NS, HUDCO.NS, IDBI.NS, IEX.NS, INFIBEAM.NS, IOB.NS, IOC.NS, IRB.NS, JAMNAAUTO.NS, JINDALSAW.NS, JKPAPER.NS, JMFINANCIL.NS, JSL.NS, JSWENERGY.NS, KNRCON.NS, LAURUSLABS.NS, MAHABANK.NS, MMTC.NS, MOTHERSON.NS, NBCC.NS, NETWORK18.NS, PCBL.NS, PRAJIND.NS, RAIN.NS, RECLTD.NS, REDINGTON.NS, SAIL.NS, TATAPOWER.NS, TATASTEEL.NS, TRITURBINE.NS, TRIVENI.NS, TTML.NS, UNIONBANK.NS, VBL.NS, WELSPUNLIV.NS, ZENSARTECH.NS",49
01-05-2020,"ASTERDM.NS, AUBANK.NS, BANKBARODA.NS, BANKINDIA.NS, BIRLACORPN.NS, BLS.NS, BRIGADE.NS, CANBK.NS, CENTURYTEX.NS, CHOLAHLDNG.NS, CYIENT.NS, DELTACORP.NS, EIHOTEL.NS, ELGIEQUIP.NS, IDFCFIRSTB.NS, IIFL.NS, JKLAKSHMI.NS, LUXIND.NS, M&MFIN.NS, MHRIL.NS, PERSISTENT.NS, PNB.NS, PNBHOUSING.NS, RATNAMANI.NS, SUNTECK.NS, TATAPOWER.NS, TRIVENI.NS, UNIONBANK.NS, VARROC.NS, VIPIND.NS, VTL.NS, ZENSARTECH.NS",32
01-06-2020,"AAVAS.NS, ALKEM.NS, ASTERDM.NS, AUBANK.NS, BAJAJFINSV.NS, BAJFINANCE.NS, BANKBARODA.NS, BANKINDIA.NS, BRIGADE.NS, CANFINHOME.NS, CENTURYPLY.NS, CHOLAHLDNG.NS, COCHINSHIP.NS, CREDITACC.NS, CYIENT.NS, FORTIS.NS, GILLETTE.NS, IDFC.NS, INDIANB.NS, INDUSINDBK.NS, JINDALSAW.NS, KARURVYSYA.NS, LEMONTREE.NS, M&MFIN.NS, MAHABANK.NS, MAHLIFE.NS, OLECTRA.NS, PFC.NS, PNB.NS, PNBHOUSING.NS, RAJESHEXPO.NS, RAYMOND.NS, SBIN.NS, SCHAEFFLER.NS, SUNTECK.NS, SUPRAJIT.NS, TEAMLEASE.NS, TEJASNET.NS, UNIONBANK.NS, VARROC.NS, VIPIND.NS, WELCORP.NS",42
01-07-2020,PATANJALI.NS,1
01-08-2020,"ALOKINDS.NS, PATANJALI.NS",2
01-09-2020,"3MINDIA.NS, ACC.NS, AJANTPHARM.NS, APLLTD.NS, AUROPHARMA.NS, BHARTIARTL.NS, BIOCON.NS, BOSCHLTD.NS, COLPAL.NS, DABUR.NS, DRREDDY.NS, GODREJCP.NS, GSPL.NS, HAL.NS, HDFCLIFE.NS, HINDUNILVR.NS, ICICIGI.NS, ICICIPRULI.NS, IGL.NS, JKLAKSHMI.NS, LALPATHLAB.NS, MCDOWELL-N.NS, MGL.NS, MRF.NS, NESTLEIND.NS, PAGEIND.NS, PGHH.NS, RAJESHEXPO.NS, SBILIFE.NS, SHREECEM.NS, SWANENERGY.NS, ULTRACEMCO.NS",32
01-10-2020,"BCG.NS, BHARTIARTL.NS, BHEL.NS, BPCL.NS, CASTROLIND.NS, CENTRALBK.NS, COALINDIA.NS, GICRE.NS, GMMPFAUDLR.NS, IOC.NS, ITC.NS, MGL.NS, MMTC.NS, MRPL.NS, PNB.NS, SUZLON.NS, UNIONBANK.NS, YESBANK.NS, ZFCVINDIA.NS",19
01-11-2020,"3MINDIA.NS, ABBOTINDIA.NS, ALKEM.NS, AUROPHARMA.NS, BAJAJ-AUTO.NS, BAJAJFINSV.NS, BAJAJHLDNG.NS, BAYERCROP.NS, BBTC.NS, BDL.NS, BIOCON.NS, BOSCHLTD.NS, BRITANNIA.NS, BSE.NS, CCL.NS, CENTURYTEX.NS, EICHERMOT.NS, FORTIS.NS, GALAXYSURF.NS, GICRE.NS, GLAXO.NS, GMMPFAUDLR.NS, GODREJCP.NS, GODREJIND.NS, HDFCAMC.NS, HEROMOTOCO.NS, HINDUNILVR.NS, ICICIPRULI.NS, IIFL.NS, INGERRAND.NS, ITC.NS, KSB.NS, LUPIN.NS, MCDOWELL-N.NS, MGL.NS, MOTILALOFS.NS, NIACL.NS, RELIANCE.NS, SANOFI.NS, SBILIFE.NS, SOLARINDS.NS, SPARC.NS, SUNPHARMA.NS, TORNTPHARM.NS, UBL.NS, UPL.NS, VBL.NS, VIPIND.NS",48
01-12-2020,ALOKINDS.NS,1
01-01-2021,PATANJALI.NS,1
01-02-2021,"AARTIIND.NS, ABFRL.NS, ACC.NS, AMBUJACEM.NS, APLLTD.NS, ASIANPAINT.NS, BATAINDIA.NS, BAYERCROP.NS, BBTC.NS, BERGEPAINT.NS, BRITANNIA.NS, CDSL.NS, CHOLAHLDNG.NS, COFORGE.NS, CREDITACC.NS, CUB.NS, DABUR.NS, EPL.NS, ESCORTS.NS, FINEORG.NS, GILLETTE.NS, GLAXO.NS, GLENMARK.NS, GMMPFAUDLR.NS, GODFRYPHLP.NS, GODREJPROP.NS, GRANULES.NS, GSPL.NS, HINDUNILVR.NS, INDIGO.NS, JKLAKSHMI.NS, LINDEINDIA.NS, M&MFIN.NS, MARUTI.NS, MCDOWELL-N.NS, MCX.NS, MUTHOOTFIN.NS, NATCOPHARM.NS, NAUKRI.NS, NAVINFLUOR.NS, NESTLEIND.NS, PEL.NS, PETRONET.NS, RALLIS.NS, RAMCOCEM.NS, RATNAMANI.NS, RELIANCE.NS, SANOFI.NS, SHREECEM.NS, SWSOLAR.NS, SYNGENE.NS, TATACONSUM.NS, TITAN.NS, TORNTPHARM.NS, TORNTPOWER.NS, TRENT.NS, ZFCVINDIA.NS, ZYDUSLIFE.NS",58
01-03-2021,"AARTIDRUGS.NS, AIAENG.NS, ALKEM.NS, ALOKINDS.NS, ASIANPAINT.NS, ASTERDM.NS, AUROPHARMA.NS, AVANTIFEED.NS, BATAINDIA.NS, BBTC.NS, BERGEPAINT.NS, BIOCON.NS, BRITANNIA.NS, BSOFT.NS, CCL.NS, CREDITACC.NS, DABUR.NS, DIVISLAB.NS, DRREDDY.NS, EICHERMOT.NS, EPL.NS, FDC.NS, FINEORG.NS, GLENMARK.NS, GODFRYPHLP.NS, GODREJCP.NS, HINDUNILVR.NS, ICICIPRULI.NS, IGL.NS, IPCALAB.NS, KOTAKBANK.NS, LTIM.NS, MARUTI.NS, MCDOWELL-N.NS, MCX.NS, NATCOPHARM.NS, NESTLEIND.NS, OFSS.NS, PFIZER.NS, PGHL.NS, RALLIS.NS, SPARC.NS, TCS.NS, TORNTPHARM.NS, UBL.NS, UJJIVANSFB.NS, ZYDUSLIFE.NS",47
01-04-2021,"ASTERDM.NS, BAJAJHLDNG.NS, BATAINDIA.NS, BBTC.NS, BHARTIARTL.NS, BOSCHLTD.NS, CREDITACC.NS, CRISIL.NS, CUB.NS, EIDPARRY.NS, EIHOTEL.NS, EXIDEIND.NS, FEDERALBNK.NS, GMRINFRA.NS, GRANULES.NS, IBULHSGFIN.NS, INGERRAND.NS, ISEC.NS, ITI.NS, JMFINANCIL.NS, JUBLPHARMA.NS, KOTAKBANK.NS, KRBL.NS, LEMONTREE.NS, M&M.NS, MANAPPURAM.NS, MARUTI.NS, MHRIL.NS, MRF.NS, NAUKRI.NS, PETRONET.NS, PGHL.NS, RALLIS.NS, RBLBANK.NS, VARROC.NS, VIPIND.NS, WHIRLPOOL.NS",37
01-05-2021,"ADANIGREEN.NS, AUBANK.NS, BERGEPAINT.NS, BIOCON.NS, BORORENEW.NS, BOSCHLTD.NS, BRITANNIA.NS, CEATLTD.NS, CHALET.NS, COLPAL.NS, CREDITACC.NS, DLF.NS, EIHOTEL.NS, ENDURANCE.NS, ESCORTS.NS, EXIDEIND.NS, GMRINFRA.NS, GODFRYPHLP.NS, GODREJCP.NS, GPPL.NS, HAVELLS.NS, HCLTECH.NS, HDFCAMC.NS, HDFCLIFE.NS, HEROMOTOCO.NS, IDEA.NS, INFIBEAM.NS, ITC.NS, ITI.NS, JMFINANCIL.NS, KEC.NS, L&TFH.NS, LT.NS, M&M.NS, M&MFIN.NS, MARUTI.NS, MCDOWELL-N.NS, NESTLEIND.NS, NLCINDIA.NS, OLECTRA.NS, ORIENTELEC.NS, PRESTIGE.NS, RAYMOND.NS, RBLBANK.NS, SANOFI.NS, SUNTECK.NS, TCS.NS, UCOBANK.NS, UJJIVANSFB.NS, ZEEL.NS",50
01-06-2021,"AMBER.NS, SWSOLAR.NS",2
01-07-2021,"3MINDIA.NS, ATGL.NS, CHOLAFIN.NS, INDIAMART.NS, JUBLPHARMA.NS, KOTAKBANK.NS, MRF.NS, PAGEIND.NS, SHREECEM.NS, SYMPHONY.NS",10
01-08-2021,"AARTIDRUGS.NS, ADANIPOWER.NS, BANDHANBNK.NS, BHEL.NS, ENGINERSIN.NS, GAIL.NS, GICRE.NS, HUDCO.NS, IDEA.NS, IDFCFIRSTB.NS, INFIBEAM.NS, IOC.NS, IRCON.NS, JUBLPHARMA.NS, KARURVYSYA.NS, MAHABANK.NS, MRPL.NS, RBLBANK.NS, RVNL.NS, SUZLON.NS, TATAMOTORS.NS, UJJIVANSFB.NS, VARROC.NS, YESBANK.NS, ZEEL.NS",25
01-09-2021,"AARTIDRUGS.NS, AAVAS.NS, ABCAPITAL.NS, AUBANK.NS, BANKINDIA.NS, BHEL.NS, BIOCON.NS, BOSCHLTD.NS, CENTRALBK.NS, COCHINSHIP.NS, COROMANDEL.NS, CSBBANK.NS, EIHOTEL.NS, FACT.NS, FINCABLES.NS, GMMPFAUDLR.NS, GPIL.NS, GRANULES.NS, GSFC.NS, HINDCOPPER.NS, HUDCO.NS, IBULHSGFIN.NS, IDEA.NS, INDIACEM.NS, INDIANB.NS, INDUSTOWER.NS, INGERRAND.NS, IOB.NS, ITI.NS, JINDALSTEL.NS, KARURVYSYA.NS, L&TFH.NS, LEMONTREE.NS, MANAPPURAM.NS, MINDACORP.NS, MMTC.NS, MRPL.NS, NATCOPHARM.NS, NBCC.NS, NLCINDIA.NS, NMDC.NS, PNB.NS, RALLIS.NS, RCF.NS, RENUKA.NS, RVNL.NS, SJVN.NS, STLTECH.NS, SUNTV.NS, SUZLON.NS, TATAMOTORS.NS, TV18BRDCST.NS, TVSMOTOR.NS, UCOBANK.NS, UPL.NS, VAIBHAVGBL.NS, WELCORP.NS, ZYDUSLIFE.NS",58
01-10-2021,"AARTIDRUGS.NS, AUROPHARMA.NS, AVANTIFEED.NS, BANKINDIA.NS, BAYERCROP.NS, BBTC.NS, DIVISLAB.NS, GLAXO.NS, GLENMARK.NS, GRANULES.NS, GUJGASLTD.NS, HDFCAMC.NS, HINDCOPPER.NS, HINDZINC.NS, JKLAKSHMI.NS, LUPIN.NS, LUXIND.NS, METROPOLIS.NS, NATCOPHARM.NS, NMDC.NS, PFIZER.NS, SANOFI.NS, SYNGENE.NS, THERMAX.NS, UPL.NS, VAIBHAVGBL.NS",26
01-11-2021,"AARTIDRUGS.NS, ABCAPITAL.NS, AEGISCHEM.NS, ALKEM.NS, BALAMINES.NS, BBTC.NS, BERGEPAINT.NS, BRITANNIA.NS, CEATLTD.NS, CENTURYTEX.NS, EICHERMOT.NS, EPL.NS, FACT.NS, FDC.NS, GICRE.NS, HAPPSTMNDS.NS, HEROMOTOCO.NS, ICICIPRULI.NS, IGL.NS, INDIAMART.NS, IPCALAB.NS, JUBLPHARMA.NS, KANSAINER.NS, LAURUSLABS.NS, MGL.NS, NAVINFLUOR.NS, NCC.NS, PCBL.NS, RALLIS.NS, SPARC.NS, TCS.NS, ZYDUSLIFE.NS",32
01-12-2021,"ANGELONE.NS, APOLLOTYRE.NS, ASHOKLEY.NS, AUBANK.NS, AVANTIFEED.NS, BALAMINES.NS, BALKRISIND.NS, BANKINDIA.NS, BAYERCROP.NS, BHARATFORG.NS, CEATLTD.NS, COALINDIA.NS, COROMANDEL.NS, CSBBANK.NS, CUB.NS, DEEPAKNTR.NS, EICHERMOT.NS, EIHOTEL.NS, EPL.NS, ERIS.NS, EXIDEIND.NS, FDC.NS, FEDERALBNK.NS, GALAXYSURF.NS, GESHIP.NS, GILLETTE.NS, HAPPSTMNDS.NS, HDFCBANK.NS, HEG.NS, HINDALCO.NS, HINDCOPPER.NS, HONAUT.NS, HUDCO.NS, ICICIPRULI.NS, IDFCFIRSTB.NS, INFIBEAM.NS, ITI.NS, JINDALSTEL.NS, JSWENERGY.NS, JSWSTEEL.NS, JUBLPHARMA.NS, L&TFH.NS, LEMONTREE.NS, LICHSGFIN.NS, M&MFIN.NS, MANAPPURAM.NS, MHRIL.NS, MPHASIS.NS, NBCC.NS, NCC.NS, PCBL.NS, PFC.NS, PIDILITIND.NS, PNB.NS, RALLIS.NS, RAMCOCEM.NS, RCF.NS, ROSSARI.NS, SAIL.NS, SBICARD.NS, SHREECEM.NS, SPARC.NS, SUNDARMFIN.NS, SWANENERGY.NS, UBL.NS, UCOBANK.NS, UJJIVANSFB.NS, UPL.NS, ZYDUSLIFE.NS, ZYDUSWELL.NS",70
01-01-2022,"ASTERDM.NS, AUBANK.NS, BANDHANBNK.NS, BANKINDIA.NS, CAMS.NS, CANFINHOME.NS, CASTROLIND.NS, CHOLAFIN.NS, CHOLAHLDNG.NS, CUB.NS, FEDERALBNK.NS, GILLETTE.NS, GODFRYPHLP.NS, GODREJPROP.NS, GPIL.NS, HAL.NS, HDFCLIFE.NS, HUDCO.NS, ICICIPRULI.NS, IGL.NS, INDIAMART.NS, INDUSINDBK.NS, INDUSTOWER.NS, IOC.NS, JYOTHYLAB.NS, KOTAKBANK.NS, M&MFIN.NS, MGL.NS, NAM-INDIA.NS, OFSS.NS, PATANJALI.NS, PNBHOUSING.NS, PNCINFRA.NS, PRINCEPIPE.NS, SHRIRAMFIN.NS, SUNTV.NS, TATAINVEST.NS, VGUARD.NS, WHIRLPOOL.NS, ZYDUSWELL.NS",40
01-02-2022,"BLUESTARCO.NS, DABUR.NS, DIVISLAB.NS, DMART.NS, DRREDDY.NS, GLAXO.NS, HAPPSTMNDS.NS, HAVELLS.NS, HCLTECH.NS, HDFCAMC.NS, HDFCLIFE.NS, HEG.NS, INFIBEAM.NS, LALPATHLAB.NS, MGL.NS, OFSS.NS, ORIENTELEC.NS, PFIZER.NS, PNBHOUSING.NS, QUESS.NS, RAMCOCEM.NS, RELAXO.NS, SHREECEM.NS, TECHM.NS, VAIBHAVGBL.NS, VGUARD.NS, WIPRO.NS, ZENSARTECH.NS, ZYDUSLIFE.NS, ZYDUSWELL.NS",30
01-03-2022,"3MINDIA.NS, AARTIDRUGS.NS, AEGISCHEM.NS, AMBUJACEM.NS, APOLLOTYRE.NS, BAYERCROP.NS, BCG.NS, BIRLACORPN.NS, BSE.NS, CASTROLIND.NS, CEATLTD.NS, CENTRALBK.NS, COCHINSHIP.NS, CUB.NS, CYIENT.NS, DALBHARAT.NS, DRREDDY.NS, FINCABLES.NS, FINPIPE.NS, GICRE.NS, GODREJCP.NS, GODREJIND.NS, GPPL.NS, GUJGASLTD.NS, HAPPSTMNDS.NS, HDFCAMC.NS, HINDUNILVR.NS, HUDCO.NS, ICICIPRULI.NS, INDIAMART.NS, INDUSTOWER.NS, IRCON.NS, ITI.NS, JBMA.NS, JKCEMENT.NS, JUBLFOOD.NS, KRBL.NS, LUPIN.NS, LUXIND.NS, MCX.NS, MGL.NS, NAM-INDIA.NS, NESTLEIND.NS, NIACL.NS, OLECTRA.NS, PEL.NS, PGHL.NS, RALLIS.NS, RAMCOCEM.NS, RITES.NS, SAREGAMA.NS, SBILIFE.NS, STLTECH.NS, SUNTV.NS, SUPRAJIT.NS, SWSOLAR.NS, TTKPRESTIG.NS, TTML.NS, ULTRACEMCO.NS, UPL.NS, VAIBHAVGBL.NS, VGUARD.NS, WELCORP.NS, WELSPUNLIV.NS, ZEEL.NS, ZYDUSLIFE.NS",66
01-04-2022,"3MINDIA.NS, AARTIDRUGS.NS, AIAENG.NS, BBTC.NS, CAMS.NS, CEATLTD.NS, CIEINDIA.NS, ELGIEQUIP.NS, EMAMILTD.NS, ESCORTS.NS, FINCABLES.NS, GILLETTE.NS, GODREJIND.NS, GUJGASLTD.NS, HUDCO.NS, INDIAMART.NS, IRCON.NS, JKCEMENT.NS, JUBLFOOD.NS, JUBLPHARMA.NS, JUSTDIAL.NS, LUXIND.NS, MAHABANK.NS, MANAPPURAM.NS, MFSL.NS, MRF.NS, NATCOPHARM.NS, NBCC.NS, NCC.NS, NIACL.NS, PETRONET.NS, PNBHOUSING.NS, RELAXO.NS, ROSSARI.NS, SOBHA.NS, VAIBHAVGBL.NS, VTL.NS, WHIRLPOOL.NS, ZYDUSLIFE.NS",39
01-05-2022,"AAVAS.NS, AJANTPHARM.NS, ALKEM.NS, ATUL.NS, AUROPHARMA.NS, BAJAJFINSV.NS, BRIGADE.NS, CERA.NS, DELTACORP.NS, GRANULES.NS, GUJGASLTD.NS, HAPPSTMNDS.NS, HEG.NS, IGL.NS, INFIBEAM.NS, JSL.NS, MPHASIS.NS, NATIONALUM.NS, RAIN.NS, RAJESHEXPO.NS, RALLIS.NS, RBLBANK.NS, SAREGAMA.NS, SOBHA.NS, TATACOMM.NS, TV18BRDCST.NS, UNIONBANK.NS, VTL.NS, ZEEL.NS, ZENSARTECH.NS",30
01-06-2022,"AARTIIND.NS, ADANIGREEN.NS, ALKYLAMINE.NS, AMBER.NS, ASIANPAINT.NS, ASTRAL.NS, ATUL.NS, BAJAJFINSV.NS, BERGEPAINT.NS, BIRLACORPN.NS, BPCL.NS, BSOFT.NS, CANFINHOME.NS, CHAMBLFERT.NS, CSBBANK.NS, DALBHARAT.NS, ECLERX.NS, EMAMILTD.NS, FDC.NS, FORTIS.NS, GLAND.NS, GLENMARK.NS, GMMPFAUDLR.NS, GPIL.NS, GRAPHITE.NS, GRASIM.NS, HAPPSTMNDS.NS, HFCL.NS, HINDALCO.NS, IBULHSGFIN.NS, IDBI.NS, IDFC.NS, INDIACEM.NS, INFIBEAM.NS, IOC.NS, JBMA.NS, JUBLPHARMA.NS, JUSTDIAL.NS, LALPATHLAB.NS, LINDEINDIA.NS, LTIM.NS, LTTS.NS, LUXIND.NS, MANAPPURAM.NS, MOTILALOFS.NS, MUTHOOTFIN.NS, NATCOPHARM.NS, NATIONALUM.NS, NIACL.NS, OBEROIRLTY.NS, PNBHOUSING.NS, PRSMJOHNSN.NS, REDINGTON.NS, RELAXO.NS, RITES.NS, ROSSARI.NS, SHREECEM.NS, SOBHA.NS, SPARC.NS, SUNPHARMA.NS, SUVENPHAR.NS, SYMPHONY.NS, TATACOMM.NS, TATASTEEL.NS, TEAMLEASE.NS, TIINDIA.NS, TRITURBINE.NS, VIPIND.NS, VOLTAS.NS, WIPRO.NS",70
01-07-2022,"ABCAPITAL.NS, ALKYLAMINE.NS, ALLCARGO.NS, BANDHANBNK.NS, BERGEPAINT.NS, BLUESTARCO.NS, BSE.NS, CANFINHOME.NS, DEEPAKNTR.NS, DELTACORP.NS, EQUITASBNK.NS, ESCORTS.NS, FACT.NS, GPIL.NS, GSPL.NS, GUJGASLTD.NS, HFCL.NS, HINDALCO.NS, HINDZINC.NS, IBULHSGFIN.NS, IEX.NS, INDIAMART.NS, INDUSINDBK.NS, IRCON.NS, IRCTC.NS, ISEC.NS, JINDALSTEL.NS, JSL.NS, JSWENERGY.NS, JUBLPHARMA.NS, JUSTDIAL.NS, KANSAINER.NS, KPRMILL.NS, LAURUSLABS.NS, LTTS.NS, LUXIND.NS, MANAPPURAM.NS, MUTHOOTFIN.NS, NBCC.NS, NCC.NS, NMDC.NS, OBEROIRLTY.NS, RALLIS.NS, RBLBANK.NS, SAIL.NS, SFL.NS, SHREECEM.NS, SUZLON.NS, SYMPHONY.NS, TANLA.NS, TATACHEM.NS, TATASTEEL.NS, TECHM.NS, TITAN.NS, TRIDENT.NS, UPL.NS, VARROC.NS, VTL.NS, WIPRO.NS",59
01-08-2022,"ALOKINDS.NS, APLLTD.NS, BEML.NS, BIOCON.NS, CRISIL.NS, DRREDDY.NS, FINPIPE.NS, GUJGASLTD.NS, IEX.NS, IGL.NS, INTELLECT.NS, MCDOWELL-N.NS, MOTILALOFS.NS, NETWORK18.NS, NIACL.NS, OIL.NS, ORIENTELEC.NS, SANOFI.NS, STLTECH.NS, SUZLON.NS, SWSOLAR.NS, TTML.NS, TV18BRDCST.NS, VAIBHAVGBL.NS, ZENSARTECH.NS",25
01-09-2022,"APLLTD.NS, BALKRISIND.NS, BORORENEW.NS, GAEL.NS, INTELLECT.NS, IPCALAB.NS, MASTEK.NS, MPHASIS.NS, NATCOPHARM.NS, SANOFI.NS, SHARDACROP.NS, TANLA.NS, ZENSARTECH.NS",13
01-10-2022,"AARTIIND.NS, AUROPHARMA.NS, BALAMINES.NS, BALKRISIND.NS, BAYERCROP.NS, BERGEPAINT.NS, BOSCHLTD.NS, BPCL.NS, BSE.NS, CENTURYTEX.NS, CYIENT.NS, GALAXYSURF.NS, GLAND.NS, GNFC.NS, GODREJIND.NS, GODREJPROP.NS, HDFCAMC.NS, HEG.NS, HINDPETRO.NS, ICICIGI.NS, KPRMILL.NS, LUXIND.NS, M&MFIN.NS, MFSL.NS, MINDACORP.NS, MOTILALOFS.NS, NAUKRI.NS, OFSS.NS, PIIND.NS, POLYPLEX.NS, RAIN.NS, RALLIS.NS, RELIANCE.NS, SAREGAMA.NS, SHRIRAMFIN.NS, TATAMOTORS.NS, TCS.NS, TECHM.NS, THERMAX.NS, UPL.NS, USHAMART.NS, UTIAMC.NS, VOLTAS.NS, WHIRLPOOL.NS, WIPRO.NS",45
01-11-2022,"AARTIIND.NS, AMBER.NS, ATUL.NS, AVANTIFEED.NS, BALAMINES.NS, BALRAMCHIN.NS, BANDHANBNK.NS, BERGEPAINT.NS, BSOFT.NS, CENTURYPLY.NS, CROMPTON.NS, CYIENT.NS, EPL.NS, GSFC.NS, JINDALSAW.NS, LAURUSLABS.NS, MAHLIFE.NS, MFSL.NS, MOTHERSON.NS, MOTILALOFS.NS, MPHASIS.NS, OLECTRA.NS, PEL.NS, POWERINDIA.NS, QUESS.NS, SANOFI.NS, SBICARD.NS, SCHAEFFLER.NS, SUNTECK.NS, SUVENPHAR.NS, TEAMLEASE.NS, TV18BRDCST.NS, VINATIORGA.NS",33
01-12-2022,"AMBER.NS, ASTRAL.NS, AUROPHARMA.NS, AVANTIFEED.NS, BAJFINANCE.NS, CAMS.NS, CENTURYPLY.NS, CHOLAHLDNG.NS, DCMSHRIRAM.NS, GAEL.NS, GRINDWELL.NS, JUBLFOOD.NS, LAURUSLABS.NS, MOTILALOFS.NS, NATCOPHARM.NS, OLECTRA.NS, POWERINDIA.NS, SCHAEFFLER.NS, SFL.NS, TEAMLEASE.NS, THERMAX.NS, VOLTAS.NS",22
01-01-2023,"3MINDIA.NS, AAVAS.NS, ABFRL.NS, ADANIPORTS.NS, AFFLE.NS, ALKEM.NS, ALKYLAMINE.NS, AMBER.NS, ANGELONE.NS, APLLTD.NS, ASAHIINDIA.NS, AUROPHARMA.NS, AVANTIFEED.NS, BALAMINES.NS, BATAINDIA.NS, BCG.NS, BERGEPAINT.NS, BIOCON.NS, BSE.NS, CENTURYPLY.NS, CENTURYTEX.NS, CIPLA.NS, COLPAL.NS, COROMANDEL.NS, CROMPTON.NS, DEEPAKFERT.NS, DEEPAKNTR.NS, DIXON.NS, DRREDDY.NS, ELGIEQUIP.NS, ENDURANCE.NS, ERIS.NS, FDC.NS, GMMPFAUDLR.NS, GNFC.NS, GRANULES.NS, HAPPSTMNDS.NS, ICICIPRULI.NS, INGERRAND.NS, IRCTC.NS, JUBLFOOD.NS, KOTAKBANK.NS, LALPATHLAB.NS, LAXMIMACH.NS, MAHLIFE.NS, MARUTI.NS, METROPOLIS.NS, NAM-INDIA.NS, NAVINFLUOR.NS, PAGEIND.NS, PGHL.NS, PIDILITIND.NS, POLYPLEX.NS, PRAJIND.NS, PRSMJOHNSN.NS, ROSSARI.NS, ROUTE.NS, RTNINDIA.NS, SKFINDIA.NS, SPARC.NS, SWSOLAR.NS, TATACHEM.NS, TATACONSUM.NS, TATAELXSI.NS, TATAMOTORS.NS, TATAPOWER.NS, TIMKEN.NS, TORNTPHARM.NS, TORNTPOWER.NS, TRENT.NS, TTKPRESTIG.NS, UNOMINDA.NS, UPL.NS, VAIBHAVGBL.NS, VIPIND.NS, VOLTAS.NS, ZEEL.NS, ZFCVINDIA.NS, ZYDUSWELL.NS",79
01-02-2023,"ABFRL.NS, ALOKINDS.NS, APLLTD.NS, ASTERDM.NS, AXISBANK.NS, BAJFINANCE.NS, BALAMINES.NS, BATAINDIA.NS, BAYERCROP.NS, BCG.NS, BERGEPAINT.NS, BIRLACORPN.NS, BORORENEW.NS, BSE.NS, CDSL.NS, CESC.NS, CIPLA.NS, COLPAL.NS, CUB.NS, DEEPAKNTR.NS, DLF.NS, DMART.NS, ELGIEQUIP.NS, ERIS.NS, GLENMARK.NS, GRANULES.NS, GRASIM.NS, GUJALKALI.NS, ICICIBANK.NS, ICICIGI.NS, INDIACEM.NS, INDUSINDBK.NS, INDUSTOWER.NS, JMFINANCIL.NS, JSWENERGY.NS, JUBLFOOD.NS, KOTAKBANK.NS, LTTS.NS, NATCOPHARM.NS, PAGEIND.NS, PRESTIGE.NS, RALLIS.NS, RELAXO.NS, RELIANCE.NS, ROSSARI.NS, SANOFI.NS, SBICARD.NS, SBIN.NS, SYNGENE.NS, TANLA.NS, TATACONSUM.NS, TEAMLEASE.NS, TORNTPOWER.NS, TRENT.NS, TTML.NS, UNOMINDA.NS, VARROC.NS, WELSPUNLIV.NS, WHIRLPOOL.NS, YESBANK.NS",60
01-03-2023,"360ONE.NS, ALKYLAMINE.NS, AMBUJACEM.NS, ATUL.NS, AVANTIFEED.NS, AXISBANK.NS, BAJAJFINSV.NS, BALAMINES.NS, BAYERCROP.NS, BCG.NS, BHARATFORG.NS, BHARTIARTL.NS, BLUEDART.NS, CASTROLIND.NS, CDSL.NS, CUB.NS, DCMSHRIRAM.NS, DIVISLAB.NS, DMART.NS, FINEORG.NS, GESHIP.NS, GODREJPROP.NS, GRANULES.NS, GRASIM.NS, GRINDWELL.NS, HDFCAMC.NS, HDFCLIFE.NS, HEG.NS, HEROMOTOCO.NS, HFCL.NS, HINDALCO.NS, HINDPETRO.NS, HINDUNILVR.NS, ICICIGI.NS, ICICIPRULI.NS, INDIACEM.NS, INDIANB.NS, INDIGO.NS, INDUSINDBK.NS, IPCALAB.NS, ITI.NS, JKLAKSHMI.NS, JSWSTEEL.NS, JUBLFOOD.NS, JYOTHYLAB.NS, KRBL.NS, LAXMIMACH.NS, LICHSGFIN.NS, LUPIN.NS, MANAPPURAM.NS, MMTC.NS, MRF.NS, MUTHOOTFIN.NS, NESTLEIND.NS, PAGEIND.NS, PATANJALI.NS, PEL.NS, PFIZER.NS, PNCINFRA.NS, POLYPLEX.NS, PRINCEPIPE.NS, QUESS.NS, RAIN.NS, RAJESHEXPO.NS, RALLIS.NS, RCF.NS, RELAXO.NS, RENUKA.NS, RHIM.NS, RVNL.NS, SBILIFE.NS, SBIN.NS, STLTECH.NS, SUNPHARMA.NS, SUNTECK.NS, SUNTV.NS, TATACONSUM.NS, TATAELXSI.NS, TATASTEEL.NS, TORNTPHARM.NS, TRIDENT.NS, UNIONBANK.NS, UTIAMC.NS, VIPIND.NS, VMART.NS, WELCORP.NS, ZEEL.NS",87
01-04-2023,"ABFRL.NS, ACC.NS, ATGL.NS, AVANTIFEED.NS, BALAMINES.NS, BANDHANBNK.NS, BBTC.NS, BORORENEW.NS, CDSL.NS, CUB.NS, DEEPAKFERT.NS, ERIS.NS, GILLETTE.NS, GODREJPROP.NS, GUJALKALI.NS, GUJGASLTD.NS, HEG.NS, IEX.NS, INDUSTOWER.NS, IRCTC.NS, ISEC.NS, JUBLPHARMA.NS, KANSAINER.NS, LAURUSLABS.NS, LAXMIMACH.NS, LICHSGFIN.NS, M&M.NS, MMTC.NS, PNBHOUSING.NS, PRINCEPIPE.NS, RAJESHEXPO.NS, ROSSARI.NS, STLTECH.NS, SUNTECK.NS, TATAELXSI.NS, TATAPOWER.NS, TEAMLEASE.NS, UBL.NS, VIPIND.NS, WIPRO.NS",40
01-05-2023,"RAJESHEXPO.NS, RALLIS.NS, SUMICHEM.NS",3
01-06-2023,"AAVAS.NS, ALLCARGO.NS, ATGL.NS, CUB.NS, DEEPAKFERT.NS, EIDPARRY.NS, GMRINFRA.NS, INDIANB.NS, JINDALSTEL.NS, ONGC.NS, RENUKA.NS, STLTECH.NS, SUNTECK.NS, VMART.NS",14
01-07-2023,"AEGISCHEM.NS, ATGL.NS, CHAMBLFERT.NS, EIDPARRY.NS, GAEL.NS, IEX.NS, JKPAPER.NS, KRBL.NS, NMDC.NS, OIL.NS, PAGEIND.NS, RHIM.NS, SBICARD.NS, SHREECEM.NS, SRF.NS, STLTECH.NS, VOLTAS.NS, ZEEL.NS",18
01-08-2023,"ALKYLAMINE.NS, BLUEDART.NS, BRITANNIA.NS, DALBHARAT.NS, DCMSHRIRAM.NS, DEEPAKFERT.NS, FINEORG.NS, FLUOROCHEM.NS, HINDUNILVR.NS, NAVINFLUOR.NS, POWERINDIA.NS, SRF.NS, SWANENERGY.NS, TATAELXSI.NS",14
01-09-2023,"BLUEDART.NS, BORORENEW.NS, BPCL.NS, BRITANNIA.NS, CUMMINSIND.NS, DELTACORP.NS, HDFCBANK.NS, HINDPETRO.NS, HINDUNILVR.NS, HONAUT.NS, KOTAKBANK.NS, PGHL.NS, RELIANCE.NS, SBICARD.NS, SHOPERSTOP.NS, TORNTPHARM.NS, VEDL.NS",17
01-10-2023,"ABB.NS, AEGISCHEM.NS, ALKYLAMINE.NS, APOLLOTYRE.NS, ASIANPAINT.NS, ATGL.NS, BATAINDIA.NS, BDL.NS, CEATLTD.NS, EPL.NS, GALAXYSURF.NS, GUJGASLTD.NS, HAPPSTMNDS.NS, HDFCBANK.NS, HINDUNILVR.NS, INDIAMART.NS, KAJARIACER.NS, KOTAKBANK.NS, NAUKRI.NS, PIDILITIND.NS, PIIND.NS, POWERINDIA.NS, RALLIS.NS, RAYMOND.NS, RELIANCE.NS, SAREGAMA.NS, SBICARD.NS, SHARDACROP.NS, SHOPERSTOP.NS, SRF.NS, SUPRAJIT.NS, TIMKEN.NS, VEDL.NS",33
01-11-2023,"AARTIDRUGS.NS, AARTIIND.NS, ALLCARGO.NS, APLLTD.NS, ASHOKLEY.NS, ATGL.NS, AUBANK.NS, BALAMINES.NS, BANDHANBNK.NS, BATAINDIA.NS, BEML.NS, BRITANNIA.NS, CAMS.NS, CARBORUNIV.NS, CCL.NS, COROMANDEL.NS, CROMPTON.NS, DCMSHRIRAM.NS, DEEPAKNTR.NS, EIDPARRY.NS, ENGINERSIN.NS, EPL.NS, FINCABLES.NS, FINPIPE.NS, GLAXO.NS, GSPL.NS, GUJGASLTD.NS, HAL.NS, HAPPSTMNDS.NS, HAVELLS.NS, HDFCBANK.NS, HFCL.NS, HINDZINC.NS, ICICIBANK.NS, IDBI.NS, IDFC.NS, IDFCFIRSTB.NS, INDHOTEL.NS, INDIACEM.NS, INDIAMART.NS, ITC.NS, JBMA.NS, JINDALSTEL.NS, JSWSTEEL.NS, KEI.NS, KRBL.NS, LAURUSLABS.NS, LAXMIMACH.NS, LTTS.NS, M&M.NS, MAHLIFE.NS, MPHASIS.NS, PNCINFRA.NS, POONAWALLA.NS, PRINCEPIPE.NS, RAIN.NS, REDINGTON.NS, SAIL.NS, SAREGAMA.NS, SBICARD.NS, SCHAEFFLER.NS, SHARDACROP.NS, SHOPERSTOP.NS, SKFINDIA.NS, STLTECH.NS, SUPRAJIT.NS, TATACHEM.NS, TATASTEEL.NS, TEAMLEASE.NS, TECHM.NS, TIMKEN.NS, USHAMART.NS, VIPIND.NS, WIPRO.NS, YESBANK.NS, ZYDUSLIFE.NS",76
01-12-2023,"CHOLAHLDNG.NS, FINEORG.NS, SKFINDIA.NS, TEJASNET.NS, THERMAX.NS, VINATIORGA.NS",6
01-01-2024,"APLAPOLLO.NS, CERA.NS, ESCORTS.NS, LUXIND.NS, SAFARI.NS, TTKPRESTIG.NS, WHIRLPOOL.NS",7
01-02-2024,"ASAHIINDIA.NS, ATUL.NS, BAJFINANCE.NS, COROMANDEL.NS, DIVISLAB.NS, DMART.NS, HDFCBANK.NS, ITC.NS, JUBLFOOD.NS, LAURUSLABS.NS, LAXMIMACH.NS, LTIM.NS, LUXIND.NS, OBEROIRLTY.NS, ORIENTELEC.NS, PIIND.NS, POLYCAB.NS, POLYPLEX.NS, PRAJIND.NS, SBICARD.NS, SHARDACROP.NS, SRF.NS, TEJASNET.NS, TRITURBINE.NS, UPL.NS, VIPIND.NS, WHIRLPOOL.NS",27
